priority,tier,name,category,village,phone,website,budget,authority,need,timeline,sources
"100","HOT","Bourgeois Kenny DDS","dentist","Tamuning","(671) 646-2010","","High","Owner","High","TBD","guamphonebook.com"
"100","HOT","Cheng, Victoria DMD","dentist","","(671) 649-7851","","High","Owner","High","TBD","guamphonebook.com"
"100","HOT","Eusebio Andrew DDS","dentist","Chalan Pago Ordot","(671) 477-8215","","High","Owner","High","TBD","guamphonebook.com"
"100","HOT","Family Dental Center","dentist","Tamuning","(671) 646-6510","","High","Owner","High","TBD","guamphonebook.com+https://www.eguamdirectory.com"
"100","HOT","Hafa Adai Family Dental, PC","dentist","Tamuning","(671) 649-7851","","High","Owner","High","TBD","guamphonebook.com+https://www.eguamdirectory.com"
"100","HOT","ISA Dental","dentist","Hagatna","(671) 646-7982","","High","Owner","High","TBD","guamphonebook.com"
"100","HOT","Johnson, Jeffrey C., DDS","dentist","","(671) 646-7982","","High","Owner","High","TBD","guamphonebook.com"
"100","HOT","Kaneshiro, Roger J., D.D.S. M.S., INC.","dentist","Tamuning","(671) 646-9890","","High","Owner","High","TBD","guamphonebook.com"
"100","HOT","Lee, Thomas K. DDS","dentist","Tamuning","(671) 969-8533","","High","Owner","High","TBD","guamphonebook.com+https://www.eguamdirectory.com"
"100","HOT","Malilay, Janice P., DDS","dentist","","(671) 646-6510","","High","Owner","High","TBD","guamphonebook.com"
"100","HOT","Mangilao Dental Clinic - Joon Ha, DDS","dentist","Mangilao","(671) 969-4242","","High","Owner","High","TBD","guamphonebook.com"
"100","HOT","Ordot Dental Clinic","dentist","Chalan Pago Ordot","(671) 477-8215","","High","Owner","High","TBD","guamphonebook.com"
"100","HOT","Rapadas, Antonio M DDS","dentist","Chalan Pago Ordot","(671) 477-8215","","High","Owner","High","TBD","guamphonebook.com"
"100","HOT","Sauget, Earl, DDS, MSD","dentist","Tamuning","(671) 646-7846","","High","Owner","High","TBD","guamphonebook.com"
"100","HOT","A/C Doctor","air conditioning repair","","(671) 777-6461","","High","Owner","High","TBD","https://www.eguamdirectory.com"
"100","HOT","ACR Electrical/Mechanical","air conditioning contractor","","(671) 632-5259","","High","Owner","High","TBD","https://www.eguamdirectory.com"
"100","HOT","Best, Inc.","drilling contractor","Tamuning","(671) 648-2378","","High","Owner","High","TBD","https://www.eguamdirectory.com"
"100","HOT","Island Eye Center","eye clinic","Tamuning","(671) 647-5381","","High","Owner","High","TBD","https://www.eguamdirectory.com"
"100","HOT","Family Dentistry","dentist","","(671) 472-2489","","High","Owner","High","TBD","https://www.eguamdirectory.com"
"100","HOT","Fernandez Michael A DDS","dentist","","(671) 633-1995","","High","Owner","High","TBD","https://www.eguamdirectory.com"
"100","HOT","Gentlecare Dental Associates PC","dentist","Tamuning","(671) 646-8858","","High","Owner","High","TBD","https://www.eguamdirectory.com"
"100","HOT","Guam Dental Arts","dentist","","(671) 646-8462","","High","Owner","High","TBD","https://www.eguamdirectory.com"
"100","HOT","Kaneshiro, Roger J., D.D.S.","dentist","Upper Tumon","(671) 646-9890","","High","Owner","High","TBD","https://www.eguamdirectory.com"
"100","HOT","HSG Co., Ltd","general contractor","Tamuning","(671) 300-7695","","High","Owner","High","TBD","https://www.eguamdirectory.com"
"100","HOT","Nippo Corporation","general contractor","","(671) 653-7077","","High","Owner","High","TBD","https://www.eguamdirectory.com"
"100","HOT","SE Construction Corporation","general contractor","Harmon","(671) 646-9098","","High","Owner","High","TBD","https://www.eguamdirectory.com"
"100","HOT","Techni-Con","general contractor","","(671) 734-8808","","High","Owner","High","TBD","https://www.eguamdirectory.com"
"100","HOT","Bascon Corporation","general contractor","Hagatna","(671) 477-6071","","High","Owner","High","TBD","https://www.eguamdirectory.com"
"100","HOT","Base Corporation","general contractor","Barrigada","(671) 637-4065","","High","Owner","High","TBD","https://www.eguamdirectory.com"
"100","HOT","Custom Mechanical System Corp","general contractor","","(671) 646-3779","","High","Owner","High","TBD","https://www.eguamdirectory.com"
"100","HOT","Enviro Pros","general contractor","Tamuning","(671) 777-8187","","High","Owner","High","TBD","https://www.eguamdirectory.com"
"100","HOT","Jack & Sons","general contractor","","(671) 898-4217","","High","Owner","High","TBD","https://www.eguamdirectory.com"
"100","HOT","American Painting","painting contractor","Yigo","(671) 687-2720","","High","Owner","High","TBD","https://www.eguamdirectory.com"
"100","HOT","Backflow Guam","plumbing contractor","","(671) 898-4851","","High","Owner","High","TBD","https://www.eguamdirectory.com"
"100","HOT","Barrett Plumbing Inc","plumbing contractor","","(671) 734-5246","","High","Owner","High","TBD","https://www.eguamdirectory.com"
"100","HOT","Guam Plumbing Service","plumbing contractor","","(671) 647-7473","","High","Owner","High","TBD","https://www.eguamdirectory.com"
"100","HOT","Katrein Plumbing Service","plumbing contractor","","(671) 734-1163","","High","Owner","High","TBD","https://www.eguamdirectory.com"
"100","HOT","Plumbing Pros","plumbing contractor","","(671) 482-9887","","High","Owner","High","TBD","https://www.eguamdirectory.com"
"100","HOT","Greenscapes, LLC","landscape contractor","","(671) 789-0408","","High","Owner","High","TBD","https://www.eguamdirectory.com+hafaguam.com (Guam business directory /guam-businesses). Note: guamfoody.com was inaccessible (HTTP 403 Forbidden on www and apex), so no records were mined from it."
"100","HOT","GPF Corporation","landscape contractor","","(671) 632-1543","","High","Owner","High","TBD","https://www.eguamdirectory.com"
"100","HOT","Guam Tropical Landscaping","landscape contractor","","(671) 646-3756","","High","Owner","High","TBD","https://www.eguamdirectory.com"
"100","HOT","Barrett Plumbing & Pumping","plumber","Chalan Pago-Ordot","(671) 734-5246","","High","Owner","High","TBD","hafaguam.com (Guam business directory /guam-businesses). Note: guamfoody.com was inaccessible (HTTP 403 Forbidden on www and apex), so no records were mined from it."
"100","HOT","DDCL Corp","hvac / electrical contractor","","(671) 480-7084","","High","Owner","High","TBD","hafaguam.com (Guam business directory /guam-businesses). Note: guamfoody.com was inaccessible (HTTP 403 Forbidden on www and apex), so no records were mined from it."
"100","HOT","Express Care","health clinic","Tamuning","(671) 477-2873","","High","Owner","High","TBD","hafaguam.com (Guam business directory /guam-businesses). Note: guamfoody.com was inaccessible (HTTP 403 Forbidden on www and apex), so no records were mined from it."
"100","HOT","Guam Plaza Resort & Spa","resort","Tumon","(671) 646-7803","","High","Owner","High","TBD","hafaguam.com (Guam business directory /guam-businesses). Note: guamfoody.com was inaccessible (HTTP 403 Forbidden on www and apex), so no records were mined from it."
"100","HOT","Hafa Adai Family Dental","dentist","Tamuning","(671) 649-7851","","High","Owner","High","TBD","hafaguam.com (Guam business directory /guam-businesses). Note: guamfoody.com was inaccessible (HTTP 403 Forbidden on www and apex), so no records were mined from it."
"100","HOT","Pediatric Dental Center","pediatric dentist","Hagatna","(671) 477-6235","","High","Owner","High","TBD","hafaguam.com (Guam business directory /guam-businesses). Note: guamfoody.com was inaccessible (HTTP 403 Forbidden on www and apex), so no records were mined from it."
"100","HOT","Barrett Enterprises Inc. dba Barrett Plumbing","plumber","","(671) 734-5246","","High","Owner","High","TBD","Guam Chamber of Commerce member directory (business.guamchamber.com.gu/directory), alphabetical member listings A-W"
"100","HOT","Golden Key Construction Corporation","construction contractor","","(671) 488-6915","","High","Owner","High","TBD","Guam Chamber of Commerce member directory (business.guamchamber.com.gu/directory), alphabetical member listings A-W"
"100","HOT","Philippine Medical & Dental Referral Services","medical/dental referral","","(671) 637-5433","","High","Owner","High","TBD","Guam Chamber of Commerce member directory (business.guamchamber.com.gu/directory), alphabetical member listings A-W"
"100","HOT","Sheraton Laguna Guam Resort","hotel","Tamuning","(671) 646-2222","","High","Owner","High","TBD","osm"
"90","HOT","369 Dim Sum","restaurant","","(671) 477-5569","","Med","Owner","High","TBD","guamphonebook.com"
"90","HOT","A+ Restaurant","restaurant","","(671) 649-1123","","Med","Owner","High","TBD","guamphonebook.com"
"90","HOT","AAFES BK Express","restaurant","","(671) 653-0782","","Med","Owner","High","TBD","guamphonebook.com"
"90","HOT","Ajisen Ramen Guam","restaurant","Tamuning","(671) 649-8896","","Med","Owner","High","TBD","guamphonebook.com+https://www.eguamdirectory.com"
"90","HOT","Aloha Grill","restaurant","","(671) 633-3666","","Med","Owner","High","TBD","guamphonebook.com"
"90","HOT","Angus Black Steakhouse","restaurant","","(671) 989-2647","","Med","Owner","High","TBD","guamphonebook.com"
"90","HOT","Applebee's","restaurant","Tamuning","(671) 648-2337","","Med","Owner","High","TBD","guamphonebook.com"
"90","HOT","Arashi Restaurant","restaurant","","(671) 633-4443","","Med","Owner","High","TBD","guamphonebook.com"
"90","HOT","Arirang","restaurant","","(671) 633-6666","","Med","Owner","High","TBD","guamphonebook.com"
"90","HOT","Bamboo Restaurant","restaurant","","(671) 649-0191","","Med","Owner","High","TBD","guamphonebook.com"
"90","HOT","Ban Thai Restaurant","restaurant","Tamuning","(671) 649-2437","","Med","Owner","High","TBD","guamphonebook.com"
"90","HOT","Barney's Seafood Restaurant","restaurant","","(671) 646-1009","","Med","Owner","High","TBD","guamphonebook.com"
"90","HOT","Beachin' Shrimp","restaurant","","(671) 642-3224","","Med","Owner","High","TBD","guamphonebook.com"
"90","HOT","Ben 'N Yan's Place","restaurant","","(671) 649-3869","","Med","Owner","High","TBD","guamphonebook.com"
"90","HOT","Benii A Japanese Restaurant","restaurant","","(671) 647-1090","","Med","Owner","High","TBD","guamphonebook.com"
"90","HOT","BJ BBQ","restaurant","","(671) 646-7600","","Med","Owner","High","TBD","guamphonebook.com"
"90","HOT","Broil Boil Bake","restaurant","","(671) 637-3578","","Med","Owner","High","TBD","guamphonebook.com"
"90","HOT","Cabalen Fast Food","restaurant","","(671) 649-3663","","Med","Owner","High","TBD","guamphonebook.com"
"90","HOT","California Pizza Kitchen Guam","restaurant","","(671) 647-4888","","Med","Owner","High","TBD","guamphonebook.com+osm"
"90","HOT","Calvi House","restaurant","","(671) 646-6678","","Med","Owner","High","TBD","guamphonebook.com"
"90","HOT","Carmen's ChaChaCha","restaurant","","(671) 472-7823","","Med","Owner","High","TBD","guamphonebook.com"
"90","HOT","Bay Shore Grill","bar & grill","","(671) 565-2814","","Med","Owner","High","TBD","guamphonebook.com"
"90","HOT","Bob's Whispering Palms","bar & grill","","(671) 472-8271","","Med","Owner","High","TBD","guamphonebook.com"
"90","HOT","Livehouse","bar & grill","","(671) 647-4055","","Med","Owner","High","TBD","guamphonebook.com"
"90","HOT","Saigon Pearl Lounge","bar & grill","","(671) 632-6615","","Med","Owner","High","TBD","guamphonebook.com"
"90","HOT","Shooters","bar & grill","","(671) 472-3322","","Med","Owner","High","TBD","guamphonebook.com"
"90","HOT","Sumay Pub & Grill","bar & grill","","(671) 565-2377","","Med","Owner","High","TBD","guamphonebook.com"
"90","HOT","The Asan Sunset Grill","bar & grill","","(671) 969-5873","","Med","Owner","High","TBD","guamphonebook.com"
"90","HOT","Aboonky Beauty Salon","beauty salon","Barrigada","(671) 646-2266","","Med","Owner","High","TBD","guamphonebook.com"
"90","HOT","Amor's Beauty Salon","beauty salon","","(671) 649-2217","","Med","Owner","High","TBD","guamphonebook.com"
"90","HOT","Anna's Beauty Shop","beauty salon","","(671) 646-2762","","Med","Owner","High","TBD","guamphonebook.com"
"90","HOT","Baby's Tropic Beauty and Barber Shop","beauty salon","","(671) 632-1078","","Med","Owner","High","TBD","guamphonebook.com"
"90","HOT","Beautiworks!","beauty salon","","(671) 477-4316","","Med","Owner","High","TBD","guamphonebook.com"
"90","HOT","Beauty Fashion","beauty salon","","(671) 653-7989","","Med","Owner","High","TBD","guamphonebook.com"
"90","HOT","BuzzCutz and Ponytailz","beauty salon","","(671) 472-2899","","Med","Owner","High","TBD","guamphonebook.com+osm"
"90","HOT","Chalan Pago Beauty Salon","beauty salon","Chalan Pago","(671) 734-3652","","Med","Owner","High","TBD","guamphonebook.com"
"90","HOT","Debbie's Shear Excellence","beauty salon","","(671) 565-1794","","Med","Owner","High","TBD","guamphonebook.com"
"90","HOT","Divina's Beauty & Barber Shop","beauty salon","Mongmong","(671) 472-6286","","Med","Owner","High","TBD","guamphonebook.com"
"90","HOT","Dolores Beauty Shop","beauty salon","","(671) 632-4505","","Med","Owner","High","TBD","guamphonebook.com"
"90","HOT","Domani HairDesign","beauty salon","","(671) 646-2343","","Med","Owner","High","TBD","guamphonebook.com"
"90","HOT","Elegant Nails","nail salon","","(671) 646-6844","","Med","Owner","High","TBD","guamphonebook.com"
"90","HOT","Entre Nous Salon","beauty salon","","(671) 649-7593","","Med","Owner","High","TBD","guamphonebook.com"
"90","HOT","Fely & Remy's Fashion Cut","beauty salon","","(671) 653-3663","","Med","Owner","High","TBD","guamphonebook.com"
"90","HOT","Grace Beauty Shop","beauty salon","","(671) 647-3060","","Med","Owner","High","TBD","guamphonebook.com"
"90","HOT","Haane Beauty Salon","beauty salon","","(671) 472-1983","","Med","Owner","High","TBD","guamphonebook.com"
"90","HOT","Hafa Adai Beauty Shop","beauty salon","","(671) 646-4941","","Med","Owner","High","TBD","guamphonebook.com"
"90","HOT","Hair Dresser By Kimberly","beauty salon","","(671) 472-5466","","Med","Owner","High","TBD","guamphonebook.com"
"90","HOT","Hair House Beauty Salon","beauty salon","Hagatna","(671) 472-8055","","Med","Owner","High","TBD","guamphonebook.com"
"90","HOT","Hair Signature","beauty salon","Tamuning","(671) 647-7575","","Med","Owner","High","TBD","guamphonebook.com"
"90","HOT","Hair Top Beauty Salon","beauty salon","","(671) 637-3509","","Med","Owner","High","TBD","guamphonebook.com"
"90","HOT","Hair Town Beauty & Barber Shop","beauty salon","","(671) 649-3737","","Med","Owner","High","TBD","guamphonebook.com"
"90","HOT","Hairview Beauty & Barber Shop","beauty salon","","(671) 789-8805","","Med","Owner","High","TBD","guamphonebook.com"
"90","HOT","It's Your Hair","beauty salon","","(671) 477-2833","","Med","Owner","High","TBD","guamphonebook.com"
"90","HOT","Jovels Beauty & Barber Shop","beauty salon","","(671) 565-3361","","Med","Owner","High","TBD","guamphonebook.com"
"90","HOT","Lalaine's Beauty Parlor","beauty salon","","(671) 646-3764","","Med","Owner","High","TBD","guamphonebook.com"
"90","HOT","Lovely Nails","nail salon","","(671) 646-6244","","Med","Owner","High","TBD","guamphonebook.com"
"90","HOT","Magic Mirror Hair Salon","beauty salon","","(671) 646-8102","","Med","Owner","High","TBD","guamphonebook.com"
"90","HOT","Magic Nails","nail salon","","(671) 633-6242","","Med","Owner","High","TBD","guamphonebook.com"
"90","HOT","Appliance Specialist","appliance repair","","(671) 687-8253","","Med","Owner","High","TBD","guamphonebook.com+hafaguam.com (Guam business directory /guam-businesses). Note: guamfoody.com was inaccessible (HTTP 403 Forbidden on www and apex), so no records were mined from it."
"90","HOT","Mike's Appliance & Small Engine Repair","appliance repair","","(671) 477-1634","","Med","Owner","High","TBD","guamphonebook.com"
"90","HOT","Willie's Appliance Service","appliance repair","","(671) 646-4662","","Med","Owner","High","TBD","guamphonebook.com"
"90","HOT","Premier Dentistry","dentist","Tamuning","(671) 300-3221","premierdentistryguam.com","High","Owner","Med","TBD","guamphonebook.com+Yelp (yelp.com)"
"90","HOT","Future Smiles Orthodontics","dentist","Tamuning","(671) 648-9888","futuresmilesortho.com","High","Owner","Med","TBD","guamphonebook.com+hafaguam.com (Guam business directory /guam-businesses). Note: guamfoody.com was inaccessible (HTTP 403 Forbidden on www and apex), so no records were mined from it."
"90","HOT","Pacific Smiles Orthodontics","dentist","Tamuning","(671) 646-7846","bracesguam.com","High","Owner","Med","TBD","guamphonebook.com"
"90","HOT","PFC Insurance","insurance","Tamuning","(671) 647-6820","","High","Owner","Med","TBD","guamphonebook.com"
"90","HOT","AB Risk Solutions","insurance","Tumon","(671) 646-3681","","High","Owner","Med","TBD","guamphonebook.com"
"90","HOT","Alpha Insurers","insurance","Hagatna","(671) 477-8701","","High","Owner","Med","TBD","guamphonebook.com+https://www.eguamdirectory.com"
"90","HOT","AM Insurance","insurance","Hagatna","(671) 477-2632","","High","Owner","Med","TBD","guamphonebook.com+https://www.eguamdirectory.com"
"90","HOT","AON Risk Services","insurance","","(671) 646-4445","","High","Owner","Med","TBD","guamphonebook.com"
"90","HOT","Century Insurance (Guam) Ltd","insurance","","(671) 648-0609","","High","Owner","Med","TBD","guamphonebook.com"
"90","HOT","Expo Insurance","insurance","","(671) 647-4250","","High","Owner","Med","TBD","guamphonebook.com"
"90","HOT","Great National Insurance Underwriters Inc","insurance","Dededo","(671) 632-5296","","High","Owner","Med","TBD","guamphonebook.com"
"90","HOT","Island Home Insurance Company","insurance","","(671) 477-9423","","High","Owner","Med","TBD","guamphonebook.com"
"90","HOT","Life Investment Consultant Inc","insurance","","(671) 646-8119","","High","Owner","Med","TBD","guamphonebook.com"
"90","HOT","MCMV Insurance Services","insurance","","(671) 647-1912","","High","Owner","Med","TBD","guamphonebook.com"
"90","HOT","Moylan's Insurance Underwriters, Inc.","insurance","Harmon","(671) 632-3783","","High","Owner","Med","TBD","guamphonebook.com"
"90","HOT","Pacific Insurance Underwriters","insurance","","(671) 649-0008","","High","Owner","Med","TBD","guamphonebook.com"
"90","HOT","Quan Allan Insurance Agency","insurance","","(671) 477-8387","","High","Owner","Med","TBD","guamphonebook.com"
"90","HOT","The Money Tree Inc","insurance","","(671) 477-0365","","High","Owner","Med","TBD","guamphonebook.com"
"90","HOT","Toran Agency","insurance","","(671) 649-0331","","High","Owner","Med","TBD","guamphonebook.com"
"90","HOT","Staywell Insurance","health insurance","Maite","(671) 477-5091","","High","Owner","Med","TBD","guamphonebook.com"
"90","HOT","A/C Island","air conditioning","Barrigada","(671) 688-9182","","Med","Owner","High","TBD","https://www.eguamdirectory.com"
"90","HOT","A/C Sales & Services, Inc.","air conditioning","Tamuning","(671) 787-5888","","Med","Owner","High","TBD","https://www.eguamdirectory.com"
"90","HOT","Cabuhat Tech Services","air conditioning","Barrigada","(671) 637-7308","","Med","Owner","High","TBD","https://www.eguamdirectory.com"
"90","HOT","A=Professional Carpet Cleaning","carpet cleaning","","(671) 632-1400","","Med","Owner","High","TBD","https://www.eguamdirectory.com"
"90","HOT","Nayon Express Restaurant","restaurant","Tamuning","(671) 637-5223","","Med","Owner","High","TBD","https://www.eguamdirectory.com"
"90","HOT","TGI Friday's","restaurant","Tumon","(671) 647-8443","","Med","Owner","High","TBD","https://www.eguamdirectory.com"
"90","HOT","9th Street Rotary","restaurant","Hagatna","(671) 472-8862","","Med","Owner","High","TBD","https://www.eguamdirectory.com"
"90","HOT","Ban Thai Restaurant","restaurant","","(671) 649-2437","","Med","Owner","High","TBD","https://www.eguamdirectory.com+osm"
"90","HOT","Beachin' Shrimp","restaurant","Tumon","(671) 642-3224","","Med","Owner","High","TBD","https://www.eguamdirectory.com"
"90","HOT","Mama Tita's","pizza restaurant","","(671) 734-4100","","Med","Owner","High","TBD","https://www.eguamdirectory.com"
"90","HOT","Blended Cafe","coffee shop","Dededo","(671) 632-2233","","Med","Owner","High","TBD","https://www.eguamdirectory.com"
"90","HOT","Brewed Awakenings","coffee shop","Harmon","(671) 989-2793","","Med","Owner","High","TBD","https://www.eguamdirectory.com"
"90","HOT","Cafe Panadero","coffee shop","Yigo","(671) 653-2110","","Med","Owner","High","TBD","https://www.eguamdirectory.com"
"90","HOT","Coffee Beanery","coffee shop","Tamuning","(671) 633-5761","","Med","Owner","High","TBD","https://www.eguamdirectory.com"
"90","HOT","Figaro Guam","coffee shop","Tamuning","(671) 648-4889","","Med","Owner","High","TBD","https://www.eguamdirectory.com"
"90","HOT","Hava Java Cafe","coffee shop","Hagatna","(671) 477-0600","","Med","Owner","High","TBD","https://www.eguamdirectory.com"
"90","HOT","Java Hut Coffee Shop","coffee shop","Tamuning","(671) 647-5282","","Med","Owner","High","TBD","https://www.eguamdirectory.com"
"90","HOT","Hebrew Worldwide Cafe & Bookstore","coffee shop","Barrigada","(671) 477-6341","","Med","Owner","High","TBD","https://www.eguamdirectory.com"
"90","HOT","Ace Auto Port","auto repair","Yigo","(671) 969-8271","","Med","Owner","High","TBD","https://www.eguamdirectory.com"
"90","HOT","AAA Morrico Equipment LLC","equipment dealer","Tamuning","(671) 649-1946","","High","Owner","Med","TBD","https://www.eguamdirectory.com"
"90","HOT","Access Medical Transport","medical transport","Upper Tumon","(671) 646-6970","","High","Owner","Med","TBD","https://www.eguamdirectory.com"
"90","HOT","Island Grace Spa","spa/massage","Tamuning","(671) 647-8280","","Med","Owner","High","TBD","https://www.eguamdirectory.com"
"90","HOT","Kontenda Fitness Club","fitness center","","(671) 647-9280","","Med","Owner","High","TBD","https://www.eguamdirectory.com"
"90","HOT","Synergy Studio","fitness center","","(671) 472-9642","","Med","Owner","High","TBD","https://www.eguamdirectory.com"
"90","HOT","The Gym Guahan","fitness center","Maite","(671) 472-4496","","Med","Owner","High","TBD","https://www.eguamdirectory.com"
"90","HOT","Absolute Realty","real estate","Hagatna","(671) 989-8003","","High","Owner","Med","TBD","https://www.eguamdirectory.com"
"90","HOT","Century 21 Commonwealth Realty","real estate","Tamuning","(671) 649-2121","","High","Owner","Med","TBD","https://www.eguamdirectory.com"
"90","HOT","Century 21 Realty Management","real estate","Tamuning","(671) 647-5003","","High","Owner","Med","TBD","https://www.eguamdirectory.com"
"90","HOT","Charlie Labrador Coral Sea Realty","real estate","Agana Heights","(671) 477-6824","","High","Owner","Med","TBD","https://www.eguamdirectory.com"
"90","HOT","BHI Realty - Christina Au","real estate","","(671) 637-7431","","High","Owner","Med","TBD","https://www.eguamdirectory.com"
"90","HOT","C. A. Paulino & Associates","insurance","Hagatna","(671) 477-0022","","High","Owner","Med","TBD","https://www.eguamdirectory.com"
"90","HOT","Cassidy's Insurance","insurance","","(671) 472-8834","","High","Owner","Med","TBD","https://www.eguamdirectory.com"
"90","HOT","Great National Insurance Underwriters Inc","insurance","Tamuning","(671) 646-5736","","High","Owner","Med","TBD","https://www.eguamdirectory.com"
"90","HOT","Guahan Insurance Services","insurance","Hagatna","(671) 475-1162","","High","Owner","Med","TBD","https://www.eguamdirectory.com"
"90","HOT","Insurance Professionals","insurance","Dededo","(671) 969-5555","","High","Owner","Med","TBD","https://www.eguamdirectory.com"
"90","HOT","MCMV Insurance Services","insurance","Tamuning","(671) 647-1912","","High","Owner","Med","TBD","https://www.eguamdirectory.com"
"90","HOT","Aioi Nissay Dowa Insurance","insurance","Tumon","(671) 648-5350","","High","Owner","Med","TBD","https://www.eguamdirectory.com"
"90","HOT","Beck Enterprises","construction","","(671) 646-4486","","High","Owner","Med","TBD","https://www.eguamdirectory.com"
"90","HOT","Bob's Nursery","nursery/landscape","","(671) 637-2627","","Med","Owner","High","TBD","https://www.eguamdirectory.com"
"90","HOT","Island Guide Map","publications","","(671) 734-8181","","Med","Owner","High","TBD","https://www.eguamdirectory.com"
"90","HOT","Ada's Funeral Home & Mortuary","funeral home","","(671) 477-1311","","High","Owner","Med","TBD","https://www.eguamdirectory.com"
"90","HOT","Cabras Marine Corporation","ship repair","Piti","(671) 477-1818","","Med","Owner","High","TBD","https://www.eguamdirectory.com"
"90","HOT","H2O Spa Guam","spa","Tamuning","(671) 989-8796","","Med","Owner","High","TBD","hafaguam.com (Guam business directory /guam-businesses). Note: guamfoody.com was inaccessible (HTTP 403 Forbidden on www and apex), so no records were mined from it."
"90","HOT","Pono Hawaiian Grill Guam","restaurant","Piti","(671) 686-6718","","Med","Owner","High","TBD","hafaguam.com (Guam business directory /guam-businesses). Note: guamfoody.com was inaccessible (HTTP 403 Forbidden on www and apex), so no records were mined from it."
"90","HOT","Proline Automotive","auto accessories","Tamuning","(671) 646-5528","","Med","Owner","High","TBD","hafaguam.com (Guam business directory /guam-businesses). Note: guamfoody.com was inaccessible (HTTP 403 Forbidden on www and apex), so no records were mined from it."
"90","HOT","Agana Day Spa","day spa","Agana Heights","(671) 788-1980","","Med","Owner","High","TBD","hafaguam.com (Guam business directory /guam-businesses). Note: guamfoody.com was inaccessible (HTTP 403 Forbidden on www and apex), so no records were mined from it."
"90","HOT","Alpha Plus","insurance","Hagatna","(671) 477-8701","","High","Owner","Med","TBD","hafaguam.com (Guam business directory /guam-businesses). Note: guamfoody.com was inaccessible (HTTP 403 Forbidden on www and apex), so no records were mined from it."
"90","HOT","Barefoot Bay Cotton Fabrics & Quilts","fabric shop","Tamuning","(671) 989-7130","","Med","Owner","High","TBD","hafaguam.com (Guam business directory /guam-businesses). Note: guamfoody.com was inaccessible (HTTP 403 Forbidden on www and apex), so no records were mined from it."
"90","HOT","Carlson Gracie MAFA Guam","martial arts gym","Tamuning","(671) 788-0440","","Med","Owner","High","TBD","hafaguam.com (Guam business directory /guam-businesses). Note: guamfoody.com was inaccessible (HTTP 403 Forbidden on www and apex), so no records were mined from it."
"90","HOT","Code 1 Law Enforcement Store","tactical gear retail","Tamuning","(671) 649-0021","","High","Owner","Med","TBD","hafaguam.com (Guam business directory /guam-businesses). Note: guamfoody.com was inaccessible (HTTP 403 Forbidden on www and apex), so no records were mined from it."
"90","HOT","Guam Muay Thai","muay thai gym","Mangilao","(671) 487-7718","","Med","Owner","High","TBD","hafaguam.com (Guam business directory /guam-businesses). Note: guamfoody.com was inaccessible (HTTP 403 Forbidden on www and apex), so no records were mined from it."
"90","HOT","Guam Tropical Dive Station","scuba diving","Hagatna","(671) 648-4837","","Med","Owner","High","TBD","hafaguam.com (Guam business directory /guam-businesses). Note: guamfoody.com was inaccessible (HTTP 403 Forbidden on www and apex), so no records were mined from it."
"90","HOT","Harley-Davidson of Guam","motorcycle dealer","Mongmong-Toto-Maite","(671) 472-4003","","High","Owner","Med","TBD","hafaguam.com (Guam business directory /guam-businesses). Note: guamfoody.com was inaccessible (HTTP 403 Forbidden on www and apex), so no records were mined from it."
"90","HOT","Isle Properties Guam","real estate","","(671) 687-5028","","High","Owner","Med","TBD","hafaguam.com (Guam business directory /guam-businesses). Note: guamfoody.com was inaccessible (HTTP 403 Forbidden on www and apex), so no records were mined from it."
"90","HOT","Mantrasana Fitness Studio","fitness studio","Tamuning","(671) 929-9922","","Med","Owner","High","TBD","hafaguam.com (Guam business directory /guam-businesses). Note: guamfoody.com was inaccessible (HTTP 403 Forbidden on www and apex), so no records were mined from it."
"90","HOT","Moda Ginos","restaurant","Tamuning","(671) 477-8945","","Med","Owner","High","TBD","hafaguam.com (Guam business directory /guam-businesses). Note: guamfoody.com was inaccessible (HTTP 403 Forbidden on www and apex), so no records were mined from it."
"90","HOT","Pearl Factory Jewelry","jewelry store","Dededo","(671) 969-5899","","High","Owner","Med","TBD","hafaguam.com (Guam business directory /guam-businesses). Note: guamfoody.com was inaccessible (HTTP 403 Forbidden on www and apex), so no records were mined from it."
"90","HOT","ProClean AC","ac cleaning","Tamuning","(671) 482-9501","","Med","Owner","High","TBD","hafaguam.com (Guam business directory /guam-businesses). Note: guamfoody.com was inaccessible (HTTP 403 Forbidden on www and apex), so no records were mined from it."
"90","HOT","Rockit Ride Indoor Cycling Studio","fitness / cycling","Mongmong-Toto-Maite","(671) 646-7433","","Med","Owner","High","TBD","hafaguam.com (Guam business directory /guam-businesses). Note: guamfoody.com was inaccessible (HTTP 403 Forbidden on www and apex), so no records were mined from it."
"90","HOT","Spike 22 Athletics","athletics / gym","Tamuning","(671) 797-7745","","Med","Owner","High","TBD","hafaguam.com (Guam business directory /guam-businesses). Note: guamfoody.com was inaccessible (HTTP 403 Forbidden on www and apex), so no records were mined from it."
"90","HOT","Steel Athletics","gym","Tamuning","(671) 929-8795","","Med","Owner","High","TBD","hafaguam.com (Guam business directory /guam-businesses). Note: guamfoody.com was inaccessible (HTTP 403 Forbidden on www and apex), so no records were mined from it."
"90","HOT","Tenjudo Spa","spa","Tumon","(671) 649-9336","","Med","Owner","High","TBD","hafaguam.com (Guam business directory /guam-businesses). Note: guamfoody.com was inaccessible (HTTP 403 Forbidden on www and apex), so no records were mined from it."
"90","HOT","Top End Pest Control Guam","pest control","Tamuning","(671) 487-5657","","Med","Owner","High","TBD","hafaguam.com (Guam business directory /guam-businesses). Note: guamfoody.com was inaccessible (HTTP 403 Forbidden on www and apex), so no records were mined from it."
"90","HOT","13 Degrees Bar & Lounge","bar / lounge","","(671) 797-8850","","Med","Owner","High","TBD","hafaguam.com (Guam business directory /guam-businesses). Note: guamfoody.com was inaccessible (HTTP 403 Forbidden on www and apex), so no records were mined from it."
"90","HOT","2H Construction, Inc.","construction","","(671) 687-6858","","High","Owner","Med","TBD","hafaguam.com (Guam business directory /guam-businesses). Note: guamfoody.com was inaccessible (HTTP 403 Forbidden on www and apex), so no records were mined from it."
"90","HOT","5M Construction Corporation","construction","","(671) 648-3435","","High","Owner","Med","TBD","hafaguam.com (Guam business directory /guam-businesses). Note: guamfoody.com was inaccessible (HTTP 403 Forbidden on www and apex), so no records were mined from it."
"90","HOT","7 Day Supermarket","supermarket","","(671) 789-2051","","High","Owner","Med","TBD","hafaguam.com (Guam business directory /guam-businesses). Note: guamfoody.com was inaccessible (HTTP 403 Forbidden on www and apex), so no records were mined from it."
"90","HOT","A & L Foods","grocery / food","","(671) 489-0307","","Med","Owner","High","TBD","hafaguam.com (Guam business directory /guam-businesses). Note: guamfoody.com was inaccessible (HTTP 403 Forbidden on www and apex), so no records were mined from it."
"90","HOT","A.B. Mer Construction Corporation","construction","","(671) 637-8401","","High","Owner","Med","TBD","hafaguam.com (Guam business directory /guam-businesses). Note: guamfoody.com was inaccessible (HTTP 403 Forbidden on www and apex), so no records were mined from it."
"90","HOT","Pinoy Foodtrip","restaurant","Tamuning","(671) 565-2861","","Med","Owner","High","TBD","hafaguam.com (Guam business directory /guam-businesses). Note: guamfoody.com was inaccessible (HTTP 403 Forbidden on www and apex), so no records were mined from it."
"90","HOT","Caliente Restaurant","restaurant","Hagatna","(671) 477-4681","","Med","Owner","High","TBD","hafaguam.com (Guam business directory /guam-businesses). Note: guamfoody.com was inaccessible (HTTP 403 Forbidden on www and apex), so no records were mined from it."
"90","HOT","Xuan Restaurant","restaurant","Dededo","(671) 632-5235","","Med","Owner","High","TBD","hafaguam.com (Guam business directory /guam-businesses). Note: guamfoody.com was inaccessible (HTTP 403 Forbidden on www and apex), so no records were mined from it."
"90","HOT","JOINUS Keyaki Restaurant","restaurant","Tumon","(671) 646-4033","","Med","Owner","High","TBD","hafaguam.com (Guam business directory /guam-businesses). Note: guamfoody.com was inaccessible (HTTP 403 Forbidden on www and apex), so no records were mined from it."
"90","HOT","Proa Restaurant","restaurant","Tamuning","(671) 646-7762","","Med","Owner","High","TBD","hafaguam.com (Guam business directory /guam-businesses). Note: guamfoody.com was inaccessible (HTTP 403 Forbidden on www and apex), so no records were mined from it."
"90","HOT","Sakura Dining","restaurant","Tamuning","(671) 969-1623","","Med","Owner","High","TBD","hafaguam.com (Guam business directory /guam-businesses). Note: guamfoody.com was inaccessible (HTTP 403 Forbidden on www and apex), so no records were mined from it."
"90","HOT","Seoul Jung Korean Restaurant","restaurant","Tumon","(671) 647-7272","","Med","Owner","High","TBD","hafaguam.com (Guam business directory /guam-businesses). Note: guamfoody.com was inaccessible (HTTP 403 Forbidden on www and apex), so no records were mined from it."
"90","HOT","Golden Sea Restaurant","restaurant","Barrigada","(671) 734-0278","","Med","Owner","High","TBD","hafaguam.com (Guam business directory /guam-businesses). Note: guamfoody.com was inaccessible (HTTP 403 Forbidden on www and apex), so no records were mined from it."
"90","HOT","Hava Java Cafe","cafe","","(671) 477-0600","","Med","Owner","High","TBD","hafaguam.com (Guam business directory /guam-businesses). Note: guamfoody.com was inaccessible (HTTP 403 Forbidden on www and apex), so no records were mined from it.+osm"
"90","HOT","Cafe Mayflour","coffee shop","Tamuning","(671) 489-0446","","Med","Owner","High","TBD","Yelp (yelp.com)"
"90","HOT","A & S Pacific LLC","food & beverage","","(671) 683-5858","","Med","Owner","High","TBD","Guam Chamber of Commerce member directory (business.guamchamber.com.gu/directory), alphabetical member listings A-W"
"90","HOT","Guam Fast Foods, Inc.","restaurant","","(671) 477-5266","","Med","Owner","High","TBD","Guam Chamber of Commerce member directory (business.guamchamber.com.gu/directory), alphabetical member listings A-W"
"90","HOT","Outback Steakhouse","restaurant","","(671) 646-1543","","Med","Owner","High","TBD","Guam Chamber of Commerce member directory (business.guamchamber.com.gu/directory), alphabetical member listings A-W+osm"
"90","HOT","Slingstone","restaurant","","(671) 688-2048","","Med","Owner","High","TBD","Guam Chamber of Commerce member directory (business.guamchamber.com.gu/directory), alphabetical member listings A-W"
"90","HOT","St. Michael Food Services","catering","","(671) 788-5506","","Med","Owner","High","TBD","Guam Chamber of Commerce member directory (business.guamchamber.com.gu/directory), alphabetical member listings A-W"
"90","HOT","Local Jerk Guam, LLC","food & beverage","","(671) 864-0805","","Med","Owner","High","TBD","Guam Chamber of Commerce member directory (business.guamchamber.com.gu/directory), alphabetical member listings A-W"
"90","HOT","JWS Refrigeration and Air Conditioning, Ltd.","hvac/refrigeration","","(671) 646-7662","jwsguam.com","High","Owner","Med","TBD","Guam Chamber of Commerce member directory (business.guamchamber.com.gu/directory), alphabetical member listings A-W"
"90","HOT","Pestex Guam","pest control","","(671) 472-1313","","Med","Owner","High","TBD","Guam Chamber of Commerce member directory (business.guamchamber.com.gu/directory), alphabetical member listings A-W"
"90","HOT","THE PIT, LLC","landscaping","","(671) 727-6969","","Med","Owner","High","TBD","Guam Chamber of Commerce member directory (business.guamchamber.com.gu/directory), alphabetical member listings A-W"
"90","HOT","Tasi View Window Cleaning","cleaning services","","(671) 838-8274","","Med","Owner","High","TBD","Guam Chamber of Commerce member directory (business.guamchamber.com.gu/directory), alphabetical member listings A-W"
"90","HOT","Black Construction Corporation","construction contractor","","(671) 646-4861","blackconstructionguam.com","High","Owner","Med","TBD","Guam Chamber of Commerce member directory (business.guamchamber.com.gu/directory), alphabetical member listings A-W"
"90","HOT","Hawaiian Rock Products","construction/contractor","","(671) 734-2971","hawaiianrock.com","High","Owner","Med","TBD","Guam Chamber of Commerce member directory (business.guamchamber.com.gu/directory), alphabetical member listings A-W"
"90","HOT","Capstone Pacific Construction","construction management","","(671) 688-4719","","High","Owner","Med","TBD","Guam Chamber of Commerce member directory (business.guamchamber.com.gu/directory), alphabetical member listings A-W"
"90","HOT","Morrico Equipment LLC","equipment/contractor","","(671) 649-1946","morricoequipment.com","High","Owner","Med","TBD","Guam Chamber of Commerce member directory (business.guamchamber.com.gu/directory), alphabetical member listings A-W"
"90","HOT","Murphy Enterprises Inc.","contractor","","(671) 487-6542","murphyenterprisesinc.com","High","Owner","Med","TBD","Guam Chamber of Commerce member directory (business.guamchamber.com.gu/directory), alphabetical member listings A-W"
"90","HOT","Panda Construction Supplies LLC","construction supply","","(671) 689-1308","","High","Owner","Med","TBD","Guam Chamber of Commerce member directory (business.guamchamber.com.gu/directory), alphabetical member listings A-W"
"90","HOT","Smithbridge Guam Inc.","contractor","","(671) 653-5036","smithbridge.net","High","Owner","Med","TBD","Guam Chamber of Commerce member directory (business.guamchamber.com.gu/directory), alphabetical member listings A-W"
"90","HOT","Trane Guam","hvac/technical services","","(671) 649-0493","trane.com","High","Owner","Med","TBD","Guam Chamber of Commerce member directory (business.guamchamber.com.gu/directory), alphabetical member listings A-W"
"90","HOT","Cars Plus, LLC","automotive dealer","","(671) 477-7807","carsplusguam.com","High","Owner","Med","TBD","Guam Chamber of Commerce member directory (business.guamchamber.com.gu/directory), alphabetical member listings A-W"
"90","HOT","Nissan Motor Corporation in Guam","automotive dealer","","(671) 647-7260","nissanguam.com","High","Owner","Med","TBD","Guam Chamber of Commerce member directory (business.guamchamber.com.gu/directory), alphabetical member listings A-W"
"90","HOT","Atkins Kroll Inc.","automotive dealer/service","","(671) 649-6410","akguam.com","High","Owner","Med","TBD","Guam Chamber of Commerce member directory (business.guamchamber.com.gu/directory), alphabetical member listings A-W"
"90","HOT","Roadside Heroes","automotive/roadside","","(671) 864-4376","","Med","Owner","High","TBD","Guam Chamber of Commerce member directory (business.guamchamber.com.gu/directory), alphabetical member listings A-W"
"90","HOT","Anita Hair Fashion dba Studio 211","hair salon","","(671) 637-4536","","Med","Owner","High","TBD","Guam Chamber of Commerce member directory (business.guamchamber.com.gu/directory), alphabetical member listings A-W"
"90","HOT","LALAINE'S services","beauty salon/spa","","(671) 689-3764","","Med","Owner","High","TBD","Guam Chamber of Commerce member directory (business.guamchamber.com.gu/directory), alphabetical member listings A-W"
"90","HOT","SISTERS","beauty salon/spa","","(671) 688-7464","","Med","Owner","High","TBD","Guam Chamber of Commerce member directory (business.guamchamber.com.gu/directory), alphabetical member listings A-W"
"90","HOT","The Pound Academy","fitness","","(671) 687-4229","","Med","Owner","High","TBD","Guam Chamber of Commerce member directory (business.guamchamber.com.gu/directory), alphabetical member listings A-W"
"90","HOT","Access Medical Transport","medical transport","","(671) 646-6970","","High","Owner","Med","TBD","Guam Chamber of Commerce member directory (business.guamchamber.com.gu/directory), alphabetical member listings A-W"
"90","HOT","American Medical Center, LLC","medical clinic","","(671) 647-8262","amc.clinic","High","Owner","Med","TBD","Guam Chamber of Commerce member directory (business.guamchamber.com.gu/directory), alphabetical member listings A-W"
"90","HOT","Guam Hearing Doctors, LLC","audiology/health care","","(671) 989-8378","guamhearingdoctors.com","High","Owner","Med","TBD","Guam Chamber of Commerce member directory (business.guamchamber.com.gu/directory), alphabetical member listings A-W"
"90","HOT","SIMPLY RX PHARMACY","pharmacy","","(671) 971-1655","","High","Owner","Med","TBD","Guam Chamber of Commerce member directory (business.guamchamber.com.gu/directory), alphabetical member listings A-W"
"90","HOT","Accidental Florist","florist","","(671) 480-3386","accidentalflorist.net","High","Owner","Med","TBD","Guam Chamber of Commerce member directory (business.guamchamber.com.gu/directory), alphabetical member listings A-W"
"90","HOT","Cunliffe & Cook","law firm","","(671) 472-1824","","High","Owner","Med","TBD","Guam Chamber of Commerce member directory (business.guamchamber.com.gu/directory), alphabetical member listings A-W"
"90","HOT","Torres Law Group","law firm","","(671) 477-9891","","High","Owner","Med","TBD","Guam Chamber of Commerce member directory (business.guamchamber.com.gu/directory), alphabetical member listings A-W+osm"
"90","HOT","RE/MAX Pacific Alliance Realty","real estate","","(671) 888-3221","","High","Owner","Med","TBD","Guam Chamber of Commerce member directory (business.guamchamber.com.gu/directory), alphabetical member listings A-W"
"90","HOT","Drone Optics","photography/drone services","Tamuning","(671) 929-2664","","High","Owner","Med","TBD","Guam Chamber of Commerce member directory (business.guamchamber.com.gu/directory), alphabetical member listings A-W"
"90","HOT","International Health Providers","clinic","Dededo","(671) 633-4447","https://www.ihpmedicalgroup.com/","High","Owner","Med","TBD","osm"
"90","HOT","Marianas Chiropractic Clinic","alternative","Dededo","(671) 637-7926","http://www.chiropractorguam.com/","High","Owner","Med","TBD","osm"
"90","HOT","FHP Health Center","clinic","Tamuning","(671) 646-5825","https://www.takecareasia.com/contact.php?sp=1","High","Owner","Med","TBD","osm"
"90","HOT","Guam Seventh-day Adventist Clinic","clinic","Tamuning","(671) 646-8881","https://www.adventistclinic.com/","High","Owner","Med","TBD","osm"
"90","HOT","Sagua Mañagu Birth Center","clinic","Tamuning","(671) 647-1417","https://saguamanagu-mpg.com/","High","Owner","Med","TBD","osm"
"90","HOT","Torpedoes & Tomahawks (T&T)","restaurant","","(671) 564-1833","","Med","Owner","High","TBD","osm"
"90","HOT","Ajisen Ramen","fast food","","(671) 649-8896","","Med","Owner","High","TBD","osm"
"90","HOT","Royal Orchid Guam","hotel","Tumon","(671) 649-2000","https://www.royalorchidguam.com","High","Owner","Med","TBD","osm"
"90","HOT","HARUNA","restaurant","","(671) 646-4998","","Med","Owner","High","TBD","osm"
"90","HOT","McKraut's Bar & Restaurant","restaurant","","(671) 828-4248","","Med","Owner","High","TBD","osm"
"90","HOT","Charleys Philly Steaks","fast food","","(671) 649-7835","","Med","Owner","High","TBD","osm"
"90","HOT","Mosa's Joint","restaurant","","(671) 969-2469","","Med","Owner","High","TBD","osm"
"90","HOT","China Wok","fast food","","(671) 648-8800","","Med","Owner","High","TBD","osm"
"90","HOT","Sbarro","fast food","","(671) 649-7776","","Med","Owner","High","TBD","osm"
"90","HOT","Froots","fast food","","(671) 649-1194","","Med","Owner","High","TBD","osm"
"90","HOT","Sam's Steak & Seafood","restaurant","","(671) 479-7267","","Med","Owner","High","TBD","osm"
"90","HOT","Poki-Fry House","restaurant","","(671) 479-7654","","Med","Owner","High","TBD","osm"
"90","HOT","Paradise Fitness Center","fitness centre","","(671) 475-2100","","Med","Owner","High","TBD","osm"
"90","HOT","Aji-Ichi Japanese Restaurant","restaurant","","(671) 646-6444","","Med","Owner","High","TBD","osm"
"90","HOT","Acanta Mall;Triple Shot Coffee","department store","","(671) 989-7468","","Med","Owner","High","TBD","osm"
"90","HOT","Chung Suk Gol","restaurant","","(671) 647-1554","","Med","Owner","High","TBD","osm"
"90","HOT","Infusion","cafe","","(671) 989-6223","","Med","Owner","High","TBD","osm"
"90","HOT","Poki-Fry","restaurant","","(671) 989-8862","","Med","Owner","High","TBD","osm"
"90","HOT","Sagan Amot Pharmacy","pharmacy","","(671) 565-3043","","High","Owner","Med","TBD","osm"
"90","HOT","CO-OP Store","supermarket","","(671) 633-1698","","High","Owner","Med","TBD","osm"
"90","HOT","Lava Lounge","bar","Tumon","(671) 647-6585","","Med","Owner","High","TBD","osm"
"90","HOT","Number 1 Fish Mart","seafood","","(671) 632-4500","","Med","Owner","High","TBD","osm"
"90","HOT","Meskla Dos","restaurant","Tumon","(671) 647-6296","","Med","Owner","High","TBD","osm"
"90","HOT","Onward Beach Resort: Onward Wing","hotel","Tamuning","(671) 647-7777","http://onwardguam.com","High","Owner","Med","TBD","osm"
"90","HOT","Hotel Nikko Guam","hotel","Tamuning","(671) 649-8815","https://www.okura-nikko.com/guam/guam/hotel-nikko-guam/","High","Owner","Med","TBD","osm"
"90","HOT","Hilton Guam Resort & Spa","hotel","Tamuning","(671) 646-1835","https://www.hilton.com/en/hotels/gumhitw-hilton-guam-resort-and-spa/","High","Owner","Med","TBD","osm"
"90","HOT","American Medical Center","clinic","Tamuning","(671) 647-8262","https://www.amc.clinic/","High","Owner","Med","TBD","osm"
"90","HOT","Rihga Royal Laguna Guam Resort","hotel","Tamuning","(671) 646-2222","https://rihga-guam.com","High","Owner","Med","TBD","osm"
"90","HOT","Bayview Hotel","hotel","Tumon","(671) 646-2300","https://www.bayviewhotelguam.com/","High","Owner","Med","TBD","osm"
"83","HOT","Burger King","restaurant","","(671) 649-4955","","Med","Chain","High","TBD","guamphonebook.com+osm"
"83","HOT","Burger King - Tumon","restaurant","Tumon","(671) 649-7009","","Med","Chain","High","TBD","guamphonebook.com"
"83","HOT","McDonald's of Guam","restaurant","Tamuning","(671) 649-9094","","Med","Chain","High","TBD","https://www.eguamdirectory.com"
"83","HOT","Burger King","restaurant","Hagatna","(671) 649-4955","","Med","Chain","High","TBD","https://www.eguamdirectory.com"
"80","HOT","Capricciosa","restaurant","","(671) 646-9653","http://wdiinternational.com","Med","Owner","Med","TBD","guamphonebook.com+osm"
"80","HOT","My Secret Garden Flowers & Gift Shop","florist","Hagatna","(671) 477-7736","","Med","Owner","Med","TBD","guamphonebook.com"
"80","HOT","Tove's Flower Shop & Boutique","florist","Tamuning","(671) 646-4132","","Med","Owner","Med","TBD","guamphonebook.com"
"80","HOT","A & C Flower and Gift Shop","florist","","(671) 632-8993","","Med","Owner","Med","TBD","guamphonebook.com"
"80","HOT","A's Great Events","florist","","(671) 565-4438","","Med","Owner","Med","TBD","guamphonebook.com"
"80","HOT","Black Tie Events & Floral Designs","florist","","(671) 475-4843","","Med","Owner","Med","TBD","guamphonebook.com"
"80","HOT","Eden's Flower","florist","","(671) 477-7753","","Med","Owner","Med","TBD","guamphonebook.com"
"80","HOT","Flower House Aya","florist","","(671) 646-0368","","Med","Owner","Med","TBD","guamphonebook.com"
"80","HOT","Flowergirl","florist","","(671) 734-2441","","Med","Owner","Med","TBD","guamphonebook.com"
"80","HOT","Flowers By Tand","florist","","(671) 649-5462","","Med","Owner","Med","TBD","guamphonebook.com"
"80","HOT","Heaven Scent","florist","","(671) 472-3034","","Med","Owner","Med","TBD","guamphonebook.com"
"80","HOT","Hugs & Kisses","florist","","(671) 647-5477","","Med","Owner","Med","TBD","guamphonebook.com"
"80","HOT","Imagine This Imagine That","florist","","(671) 637-8036","","Med","Owner","Med","TBD","guamphonebook.com"
"80","HOT","Joy Flower One Stop Shop","florist","","(671) 649-8023","","Med","Owner","Med","TBD","guamphonebook.com"
"80","HOT","Keepsakes Guam Inc","florist","","(671) 646-2878","","Med","Owner","Med","TBD","guamphonebook.com"
"80","HOT","L & E Gift Center","florist","","(671) 649-7890","","Med","Owner","Med","TBD","guamphonebook.com"
"80","HOT","Nichol's Boutique","florist","","(671) 472-2840","","Med","Owner","Med","TBD","guamphonebook.com"
"80","HOT","Takagi & Associates Inc","insurance","Tumon","(671) 648-5350","takagiinsurance.com","High","Owner","Low","TBD","guamphonebook.com"
"80","HOT","AAA Fred's Locksmith Shop","locksmith","","(671) 646-6222","","Med","Owner","Med","TBD","https://www.eguamdirectory.com"
"80","HOT","Bread Box","bakery","Barrigada","(671) 989-2087","","Med","Owner","Med","TBD","https://www.eguamdirectory.com"
"80","HOT","Crown Bakery","bakery","Barrigada","(671) 734-4826","","Med","Owner","Med","TBD","https://www.eguamdirectory.com"
"80","HOT","Cup & Saucer","bakery","Hagatna","(671) 300-8213","","Med","Owner","Med","TBD","https://www.eguamdirectory.com"
"80","HOT","New Fresh Bread Bakeshop","bakery","","(671) 637-2115","","Med","Owner","Med","TBD","https://www.eguamdirectory.com"
"80","HOT","American Bakery","bakery","Dededo","(671) 633-8882","","Med","Owner","Med","TBD","https://www.eguamdirectory.com+Yelp (yelp.com)"
"80","HOT","Baker's World Inc","bakery","","(671) 649-0604","","Med","Owner","Med","TBD","https://www.eguamdirectory.com"
"80","HOT","Bera Bake Shop","bakery","","(671) 646-1048","","Med","Owner","Med","TBD","https://www.eguamdirectory.com"
"80","HOT","Blessed Bakery","bakery","Yigo","(671) 653-6374","","Med","Owner","Med","TBD","https://www.eguamdirectory.com"
"80","HOT","Celebrity Bakery","bakery","Mangilao","(671) 734-1333","","Med","Owner","Med","TBD","https://www.eguamdirectory.com"
"80","HOT","Island Fresh","grocer","Chalan Pago","(671) 475-1555","","Med","Owner","Med","TBD","https://www.eguamdirectory.com"
"80","HOT","Bestseller Bookstore","bookstore","Tamuning","(671) 647-7223","","Med","Owner","Med","TBD","https://www.eguamdirectory.com"
"80","HOT","American Music","music store","Tamuning","(671) 647-6896","","Med","Owner","Med","TBD","https://www.eguamdirectory.com"
"80","HOT","Builder's Choice","building materials","Dededo","(671) 633-8453","","Med","Owner","Med","TBD","https://www.eguamdirectory.com"
"80","HOT","Benson Guam Enterprises, Inc.","building materials/hardware","Maite","(671) 477-7562","","Med","Owner","Med","TBD","https://www.eguamdirectory.com"
"80","HOT","Central Signtech","signs","Harmon","(671) 633-6391","","Med","Owner","Med","TBD","https://www.eguamdirectory.com"
"80","HOT","Budget Car & Truck Rental","car rental","Tamuning","(671) 647-1438","","Med","Owner","Med","TBD","https://www.eguamdirectory.com"
"80","HOT","AAA Mini Storage","storage","Upper Tumon","(671) 633-2223","","Med","Owner","Med","TBD","https://www.eguamdirectory.com"
"80","HOT","Island Grip Services","equipment rental","Tamuning","(671) 649-9009","","Med","Owner","Med","TBD","https://www.eguamdirectory.com"
"80","HOT","Island Equipment Company","fire extinguishers","","(671) 477-5261","","Med","Owner","Med","TBD","https://www.eguamdirectory.com"
"80","HOT","Ben Lujan Towing, Inc.","towing/heavy equipment","Hagatna","(671) 477-8001","","Med","Owner","Med","TBD","https://www.eguamdirectory.com"
"80","HOT","Best Wash & Dry Speed Queen Sales & Service","laundry equipment","","(671) 734-9274","","Med","Owner","Med","TBD","https://www.eguamdirectory.com"
"80","HOT","20/20 Vision Center","optometrist","Tamuning","(671) 646-3001","","Med","Owner","Med","TBD","https://www.eguamdirectory.com"
"80","HOT","Island Joyce Body Massage","massage","Tumon","(671) 649-0155","","Med","Owner","Med","TBD","https://www.eguamdirectory.com"
"80","HOT","Chief Appraisals","appraiser","Maite","(671) 632-2754","","Med","Owner","Med","TBD","https://www.eguamdirectory.com"
"80","HOT","PR Services & Photo Decor","photographer","Hagatna","(671) 477-7414","","Med","Owner","Med","TBD","https://www.eguamdirectory.com"
"80","HOT","17 Min Photo","photographer","Dededo","(671) 637-3423","","Med","Owner","Med","TBD","https://www.eguamdirectory.com"
"80","HOT","Adztech Advertising","advertising/photography","Hagatna","(671) 477-1239","","Med","Owner","Med","TBD","https://www.eguamdirectory.com"
"80","HOT","Consaga Visual Arts","photographer","","(671) 647-2978","","Med","Owner","Med","TBD","https://www.eguamdirectory.com"
"80","HOT","Expression Studio","photographer","","(671) 647-3742","","Med","Owner","Med","TBD","https://www.eguamdirectory.com"
"80","HOT","J Bridal International Inc","bridal/photography","","(671) 647-4690","","Med","Owner","Med","TBD","https://www.eguamdirectory.com"
"80","HOT","Paradise Imaging","photographer","","(671) 637-5973","","Med","Owner","Med","TBD","https://www.eguamdirectory.com"
"80","HOT","Prodigy Studios","photographer","","(671) 929-6905","","Med","Owner","Med","TBD","https://www.eguamdirectory.com"
"80","HOT","Satok Co","photographer","","(671) 649-3322","","Med","Owner","Med","TBD","https://www.eguamdirectory.com"
"80","HOT","American Pacific Island Distributors","wholesaler","Tamuning","(671) 646-1768","","Med","Owner","Med","TBD","https://www.eguamdirectory.com"
"80","HOT","Americana Suppliers","welding supplies","Tamuning","(671) 646-5785","","Med","Owner","Med","TBD","https://www.eguamdirectory.com"
"80","HOT","American Watertek","water filtration","Tamuning","(671) 649-2301","","Med","Owner","Med","TBD","https://www.eguamdirectory.com"
"80","HOT","Island Manufacturing & Wholesale","manufacturer","","(671) 649-1236","","Med","Owner","Med","TBD","https://www.eguamdirectory.com"
"80","HOT","American Color","printer","","(671) 646-1874","","Med","Owner","Med","TBD","https://www.eguamdirectory.com"
"80","HOT","Act Pawnshop","pawn broker","","(671) 456-7188","","Med","Owner","Med","TBD","https://www.eguamdirectory.com"
"80","HOT","G4S Secure Solutions Guam Inc","security agency","Hagatna","(671) 646-2307","","Med","Owner","Med","TBD","https://www.eguamdirectory.com"
"80","HOT","Cabras Island Marine Services","marine surveyors","Santa Rita","(671) 565-8267","","Med","Owner","Med","TBD","https://www.eguamdirectory.com"
"80","HOT","RUNNIT","printing","Yigo","(671) 637-7648","","Med","Owner","Med","TBD","hafaguam.com (Guam business directory /guam-businesses). Note: guamfoody.com was inaccessible (HTTP 403 Forbidden on www and apex), so no records were mined from it."
"80","HOT","ALG Financial","financial advisor","Hagatna","(671) 727-0175","","Med","Owner","Med","TBD","hafaguam.com (Guam business directory /guam-businesses). Note: guamfoody.com was inaccessible (HTTP 403 Forbidden on www and apex), so no records were mined from it."
"80","HOT","BIG Sunset Dinner Cruise","dinner cruise","Tamuning","(671) 646-8000","","Med","Owner","Med","TBD","hafaguam.com (Guam business directory /guam-businesses). Note: guamfoody.com was inaccessible (HTTP 403 Forbidden on www and apex), so no records were mined from it."
"80","HOT","BLUSH Bridal & BLU","bridal shop","Hagatna","(671) 472-5123","","Med","Owner","Med","TBD","hafaguam.com (Guam business directory /guam-businesses). Note: guamfoody.com was inaccessible (HTTP 403 Forbidden on www and apex), so no records were mined from it."
"80","HOT","Charlene's Waxing & Skincare","waxing and skincare","Tamuning","(671) 788-1586","","Med","Owner","Med","TBD","hafaguam.com (Guam business directory /guam-businesses). Note: guamfoody.com was inaccessible (HTTP 403 Forbidden on www and apex), so no records were mined from it."
"80","HOT","Couture by Kristina","esthetician / skincare","Hagatna","(671) 689-8772","","Med","Owner","Med","TBD","hafaguam.com (Guam business directory /guam-businesses). Note: guamfoody.com was inaccessible (HTTP 403 Forbidden on www and apex), so no records were mined from it."
"80","HOT","Digital Labs Guam","technology services","","(671) 685-7676","","Med","Owner","Med","TBD","hafaguam.com (Guam business directory /guam-businesses). Note: guamfoody.com was inaccessible (HTTP 403 Forbidden on www and apex), so no records were mined from it."
"80","HOT","Douglas Perez","realtor","Hagatna","(671) 483-8164","","Med","Owner","Med","TBD","hafaguam.com (Guam business directory /guam-businesses). Note: guamfoody.com was inaccessible (HTTP 403 Forbidden on www and apex), so no records were mined from it."
"80","HOT","Elizabeth ""Liz"" C. Duenas","realtor","Hagatna","(671) 687-0911","","Med","Owner","Med","TBD","hafaguam.com (Guam business directory /guam-businesses). Note: guamfoody.com was inaccessible (HTTP 403 Forbidden on www and apex), so no records were mined from it."
"80","HOT","First Shots LLC","other","Chalan Pago-Ordot","(671) 898-8914","","Med","Owner","Med","TBD","hafaguam.com (Guam business directory /guam-businesses). Note: guamfoody.com was inaccessible (HTTP 403 Forbidden on www and apex), so no records were mined from it."
"80","HOT","Framemaster Custom Framing And Matting","custom framing","Tamuning","(671) 649-2412","","Med","Owner","Med","TBD","hafaguam.com (Guam business directory /guam-businesses). Note: guamfoody.com was inaccessible (HTTP 403 Forbidden on www and apex), so no records were mined from it."
"80","HOT","Grind Basketball Guam","basketball training","Tamuning","(671) 686-2023","","Med","Owner","Med","TBD","hafaguam.com (Guam business directory /guam-businesses). Note: guamfoody.com was inaccessible (HTTP 403 Forbidden on www and apex), so no records were mined from it."
"80","HOT","Guam Ink Hustle Tattoo & Body Piercing Studio","tattoo shop","Tamuning","(671) 649-8287","","Med","Owner","Med","TBD","hafaguam.com (Guam business directory /guam-businesses). Note: guamfoody.com was inaccessible (HTTP 403 Forbidden on www and apex), so no records were mined from it."
"80","HOT","Guam Memorial Park","memorial park","Barrigada","(671) 734-9835","","Med","Owner","Med","TBD","hafaguam.com (Guam business directory /guam-businesses). Note: guamfoody.com was inaccessible (HTTP 403 Forbidden on www and apex), so no records were mined from it."
"80","HOT","Guam Serenity Massage","massage","Hagatna","(671) 777-6855","","Med","Owner","Med","TBD","hafaguam.com (Guam business directory /guam-businesses). Note: guamfoody.com was inaccessible (HTTP 403 Forbidden on www and apex), so no records were mined from it."
"80","HOT","Heritage Boat Charters","boat charters","Hagatna","(671) 727-7873","","Med","Owner","Med","TBD","hafaguam.com (Guam business directory /guam-businesses). Note: guamfoody.com was inaccessible (HTTP 403 Forbidden on www and apex), so no records were mined from it."
"80","HOT","Hot Box Smoke Shop","smoke shop","Tamuning","(671) 649-3889","","Med","Owner","Med","TBD","hafaguam.com (Guam business directory /guam-businesses). Note: guamfoody.com was inaccessible (HTTP 403 Forbidden on www and apex), so no records were mined from it."
"80","HOT","Island Clothing","apparel retail","Dededo","(671) 683-5142","","Med","Owner","Med","TBD","hafaguam.com (Guam business directory /guam-businesses). Note: guamfoody.com was inaccessible (HTTP 403 Forbidden on www and apex), so no records were mined from it."
"80","HOT","Island Color & Copy","printing / copy shop","Tamuning","(671) 648-2679","","Med","Owner","Med","TBD","hafaguam.com (Guam business directory /guam-businesses). Note: guamfoody.com was inaccessible (HTTP 403 Forbidden on www and apex), so no records were mined from it."
"80","HOT","JTM Benchrest & Sportsland Shooting Range","shooting range","Dededo","(671) 653-4867","","Med","Owner","Med","TBD","hafaguam.com (Guam business directory /guam-businesses). Note: guamfoody.com was inaccessible (HTTP 403 Forbidden on www and apex), so no records were mined from it."
"80","HOT","Kids & Co. Daycare Learning Center","daycare","Tamuning","(671) 922-8751","","Med","Owner","Med","TBD","hafaguam.com (Guam business directory /guam-businesses). Note: guamfoody.com was inaccessible (HTTP 403 Forbidden on www and apex), so no records were mined from it."
"80","HOT","Kronix Hobbies","hobby shop","Dededo","(671) 635-2222","","Med","Owner","Med","TBD","hafaguam.com (Guam business directory /guam-businesses). Note: guamfoody.com was inaccessible (HTTP 403 Forbidden on www and apex), so no records were mined from it."
"80","HOT","Learn, Explore and Play Child Development Center","daycare","Dededo","(671) 727-0557","","Med","Owner","Med","TBD","hafaguam.com (Guam business directory /guam-businesses). Note: guamfoody.com was inaccessible (HTTP 403 Forbidden on www and apex), so no records were mined from it."
"80","HOT","Little Ones Child Care Center Inc.","daycare","Dededo","(671) 633-5451","","Med","Owner","Med","TBD","hafaguam.com (Guam business directory /guam-businesses). Note: guamfoody.com was inaccessible (HTTP 403 Forbidden on www and apex), so no records were mined from it."
"80","HOT","Minagof Music","music school","Hagatna","(671) 487-0507","","Med","Owner","Med","TBD","hafaguam.com (Guam business directory /guam-businesses). Note: guamfoody.com was inaccessible (HTTP 403 Forbidden on www and apex), so no records were mined from it."
"80","HOT","Nene Care Guam","daycare","Mangilao","(671) 734-8368","","Med","Owner","Med","TBD","hafaguam.com (Guam business directory /guam-businesses). Note: guamfoody.com was inaccessible (HTTP 403 Forbidden on www and apex), so no records were mined from it."
"80","HOT","Niche Creatives","digital marketing","","(671) 688-4809","","Med","Owner","Med","TBD","hafaguam.com (Guam business directory /guam-businesses). Note: guamfoody.com was inaccessible (HTTP 403 Forbidden on www and apex), so no records were mined from it."
"80","HOT","Pristine Tire & Lube","tire shop","Mongmong-Toto-Maite","(671) 969-5823","","Med","Owner","Med","TBD","hafaguam.com (Guam business directory /guam-businesses). Note: guamfoody.com was inaccessible (HTTP 403 Forbidden on www and apex), so no records were mined from it."
"80","HOT","Relaxing Massage Studio","massage","Dededo","(671) 929-6277","","Med","Owner","Med","TBD","hafaguam.com (Guam business directory /guam-businesses). Note: guamfoody.com was inaccessible (HTTP 403 Forbidden on www and apex), so no records were mined from it."
"80","HOT","Roma Basu","realtor","Tamuning","(671) 858-7662","","Med","Owner","Med","TBD","hafaguam.com (Guam business directory /guam-businesses). Note: guamfoody.com was inaccessible (HTTP 403 Forbidden on www and apex), so no records were mined from it."
"80","HOT","Saga Fina' Na' Guan Fino Chamoru Daycare","daycare","Dededo","(671) 632-2395","","Med","Owner","Med","TBD","hafaguam.com (Guam business directory /guam-businesses). Note: guamfoody.com was inaccessible (HTTP 403 Forbidden on www and apex), so no records were mined from it."
"80","HOT","San Lorenzo Laundry","laundromat","Yigo","(671) 488-3653","","Med","Owner","Med","TBD","hafaguam.com (Guam business directory /guam-businesses). Note: guamfoody.com was inaccessible (HTTP 403 Forbidden on www and apex), so no records were mined from it."
"80","HOT","Smart Copy Services","copy / office services","Tamuning","(671) 646-4545","","Med","Owner","Med","TBD","hafaguam.com (Guam business directory /guam-businesses). Note: guamfoody.com was inaccessible (HTTP 403 Forbidden on www and apex), so no records were mined from it."
"80","HOT","Smoke Depot","smoke shop","Dededo","(671) 637-8889","","Med","Owner","Med","TBD","hafaguam.com (Guam business directory /guam-businesses). Note: guamfoody.com was inaccessible (HTTP 403 Forbidden on www and apex), so no records were mined from it."
"80","HOT","Snap GU Studios","photography studio","Tamuning","(671) 989-7427","","Med","Owner","Med","TBD","hafaguam.com (Guam business directory /guam-businesses). Note: guamfoody.com was inaccessible (HTTP 403 Forbidden on www and apex), so no records were mined from it."
"80","HOT","Stel Star Productions","media production","Dededo","(671) 777-4194","","Med","Owner","Med","TBD","hafaguam.com (Guam business directory /guam-businesses). Note: guamfoody.com was inaccessible (HTTP 403 Forbidden on www and apex), so no records were mined from it."
"80","HOT","Tamuning Daycare and Learning Center","daycare","Tamuning","(671) 646-5414","","Med","Owner","Med","TBD","hafaguam.com (Guam business directory /guam-businesses). Note: guamfoody.com was inaccessible (HTTP 403 Forbidden on www and apex), so no records were mined from it."
"80","HOT","The VaultGU","other","Dededo","(671) 989-8841","","Med","Owner","Med","TBD","hafaguam.com (Guam business directory /guam-businesses). Note: guamfoody.com was inaccessible (HTTP 403 Forbidden on www and apex), so no records were mined from it."
"80","HOT","Tumon Sports Club","sports club","Tamuning","(671) 888-2880","","Med","Owner","Med","TBD","hafaguam.com (Guam business directory /guam-businesses). Note: guamfoody.com was inaccessible (HTTP 403 Forbidden on www and apex), so no records were mined from it."
"80","HOT","W5 Productions, Inc","printing / design","Barrigada","(671) 971-9595","","Med","Owner","Med","TBD","hafaguam.com (Guam business directory /guam-businesses). Note: guamfoody.com was inaccessible (HTTP 403 Forbidden on www and apex), so no records were mined from it."
"80","HOT","A Class","other","","(671) 788-5110","","Med","Owner","Med","TBD","hafaguam.com (Guam business directory /guam-businesses). Note: guamfoody.com was inaccessible (HTTP 403 Forbidden on www and apex), so no records were mined from it."
"80","HOT","Tove's Flower Shop","florist","Tamuning","(671) 646-4132","","Med","Owner","Med","TBD","Yelp (yelp.com)+osm"
"80","HOT","Raising Cane's Chicken Fingers","restaurant","Dededo","(671) 637-9886","https://www.raisingcanes.com/","Med","Owner","Med","TBD","Attempted primary source yellowpages.com (state GU) — BLOCKED (HTTP 403). Similar national yellow-pages also blocked (superpages.com, manta.com, chamberofcommerce.com, dexknows.com, cybo.com, hotfrog.com, yalwa.com, tuugo.us, 2findlocal.com, yellowpagecity.com) or empty for GU (elocal.com, americantowns.com). Only readable national yellow-pages was opendi.us (yellowpages-bb.opendi.us) Guam directory, which is a sparse stub: only 3 populated village pages (Tamuning, Dededo, Hagatna) showing ~2 businesses each. Records below are the real, verified listings extracted from opendi.us — not padded."
"80","HOT","Biba","restaurant","","(671) 777-4641","bibaguam.com","Med","Owner","Med","TBD","Guam Chamber of Commerce member directory (business.guamchamber.com.gu/directory), alphabetical member listings A-W"
"80","HOT","Archway, Inc.","food & beverage","","(671) 647-5683","archwayinc.biz","Med","Owner","Med","TBD","Guam Chamber of Commerce member directory (business.guamchamber.com.gu/directory), alphabetical member listings A-W"
"80","HOT","Drop Lounge","restaurant/lounge","","(671) 929-1111","dropguam.com","Med","Owner","Med","TBD","Guam Chamber of Commerce member directory (business.guamchamber.com.gu/directory), alphabetical member listings A-W"
"80","HOT","GFS Group","restaurant","","(671) 646-6083","gfsgroup.com","Med","Owner","Med","TBD","Guam Chamber of Commerce member directory (business.guamchamber.com.gu/directory), alphabetical member listings A-W"
"80","HOT","Pacific Froots LLC","restaurant/smoothies","","(671) 487-5301","froots.com","Med","Owner","Med","TBD","Guam Chamber of Commerce member directory (business.guamchamber.com.gu/directory), alphabetical member listings A-W"
"80","HOT","International Dining Concepts, LLC (California Pizza Kitchen)","restaurant","","(671) 646-8100","cpkguam.com","Med","Owner","Med","TBD","Guam Chamber of Commerce member directory (business.guamchamber.com.gu/directory), alphabetical member listings A-W"
"80","HOT","Mai Market","grocery/market","Dededo","(671) 647-2664","","Med","Owner","Med","TBD","Guam Chamber of Commerce member directory (business.guamchamber.com.gu/directory), alphabetical member listings A-W"
"80","HOT","Baldyga Group, LLC","tours/catering","","(671) 646-6800","bestguamtours.com","Med","Owner","Med","TBD","Guam Chamber of Commerce member directory (business.guamchamber.com.gu/directory), alphabetical member listings A-W"
"80","HOT","HCG Corporation dba Health City","health/nutrition retail","","(671) 787-9687","healthcitynutrition.com","High","Owner","Low","TBD","Guam Chamber of Commerce member directory (business.guamchamber.com.gu/directory), alphabetical member listings A-W"
"80","HOT","Hagens Inc. dba Pacific Pest Control","pest control","","(671) 637-8959","guampestcontrol.com","Med","Owner","Med","TBD","Guam Chamber of Commerce member directory (business.guamchamber.com.gu/directory), alphabetical member listings A-W"
"80","HOT","Landscape Management Systems, Inc.","landscaping","Tumon","(671) 647-2617","lms-guam.net","Med","Owner","Med","TBD","Guam Chamber of Commerce member directory (business.guamchamber.com.gu/directory), alphabetical member listings A-W"
"80","HOT","Frontier Supply Company","construction supply","","(671) 648-7000","frontiersupply.com","High","Owner","Low","TBD","Guam Chamber of Commerce member directory (business.guamchamber.com.gu/directory), alphabetical member listings A-W"
"80","HOT","Chassis Specialists, LLC","auto repair","","(671) 686-8460","chassisspecialists.com","Med","Owner","Med","TBD","Guam Chamber of Commerce member directory (business.guamchamber.com.gu/directory), alphabetical member listings A-W"
"80","HOT","Joe & Franks Auto","auto repair","","(671) 477-1522","joeandfranksauto.com","Med","Owner","Med","TBD","Guam Chamber of Commerce member directory (business.guamchamber.com.gu/directory), alphabetical member listings A-W"
"80","HOT","Paradise Auto Spa","auto detailing/tinting","","(671) 989-2772","islandtintingguam.com","Med","Owner","Med","TBD","Guam Chamber of Commerce member directory (business.guamchamber.com.gu/directory), alphabetical member listings A-W"
"80","HOT","Triple J Enterprises, Inc.","automotive/restaurants","","(671) 646-9126","triplejgroup.com","Med","Owner","Med","TBD","Guam Chamber of Commerce member directory (business.guamchamber.com.gu/directory), alphabetical member listings A-W"
"80","HOT","Island Skin Spa","spa/beauty","","(671) 989-7546","islandskinspa.com","Med","Owner","Med","TBD","Guam Chamber of Commerce member directory (business.guamchamber.com.gu/directory), alphabetical member listings A-W+osm"
"80","HOT","Custom Fitness, LLC","fitness","","(671) 989-0436","customfitnessguam.com","Med","Owner","Med","TBD","Guam Chamber of Commerce member directory (business.guamchamber.com.gu/directory), alphabetical member listings A-W"
"80","HOT","Paradise Fitness/Fitness Solutions LLC","fitness","","(671) 475-2100","guamparadisefitness.com","Med","Owner","Med","TBD","Guam Chamber of Commerce member directory (business.guamchamber.com.gu/directory), alphabetical member listings A-W"
"80","HOT","GRIND Guam","fitness","","(671) 686-2023","thehumanplane.com/grindbasketball","Med","Owner","Med","TBD","Guam Chamber of Commerce member directory (business.guamchamber.com.gu/directory), alphabetical member listings A-W"
"80","HOT","Kast Culture Pro-Shop","retail/fitness","","(671) 480-3268","kastpro-shop.com","Med","Owner","Med","TBD","Guam Chamber of Commerce member directory (business.guamchamber.com.gu/directory), alphabetical member listings A-W"
"80","HOT","Advanced Eyecare LLC dba Eye Care Guam and Optical Gallery","optometry/eye care","","(671) 989-4747","eyecareguam.com","High","Owner","Low","TBD","Guam Chamber of Commerce member directory (business.guamchamber.com.gu/directory), alphabetical member listings A-W"
"80","HOT","Aedificare, LLC dba Agility Prosthetics & Orthotics","prosthetics/health care","","(671) 969-2725","agilityguam.com","High","Owner","Low","TBD","Guam Chamber of Commerce member directory (business.guamchamber.com.gu/directory), alphabetical member listings A-W"
"80","HOT","Tove's Flower Shop","florist","","(671) 646-4132","","Med","Owner","Med","TBD","Guam Chamber of Commerce member directory (business.guamchamber.com.gu/directory), alphabetical member listings A-W"
"80","HOT","Moda Ginos","specialty retail","","(671) 477-8945","","Med","Owner","Med","TBD","Guam Chamber of Commerce member directory (business.guamchamber.com.gu/directory), alphabetical member listings A-W"
"80","HOT","Analista & Co.","specialty retail","","(671) 797-3333","","Med","Owner","Med","TBD","Guam Chamber of Commerce member directory (business.guamchamber.com.gu/directory), alphabetical member listings A-W"
"80","HOT","R & D Enterprise dba Paulino's Store","retail store","","(671) 789-1061","","Med","Owner","Med","TBD","Guam Chamber of Commerce member directory (business.guamchamber.com.gu/directory), alphabetical member listings A-W"
"80","HOT","Pay-Less Markets, Inc.","grocery/supermarket","","(671) 477-9266","paylessmarkets.com","High","Owner","Low","TBD","Guam Chamber of Commerce member directory (business.guamchamber.com.gu/directory), alphabetical member listings A-W"
"80","HOT","National Office Supply","office supply retail","","(671) 646-6613","","Med","Owner","Med","TBD","Guam Chamber of Commerce member directory (business.guamchamber.com.gu/directory), alphabetical member listings A-W"
"80","HOT","Burger Comer Magliari","accountants","","(671) 472-2680","","Med","Owner","Med","TBD","Guam Chamber of Commerce member directory (business.guamchamber.com.gu/directory), alphabetical member listings A-W"
"80","HOT","The Accounting Solutions","accountants","","(671) 477-0963","","Med","Owner","Med","TBD","Guam Chamber of Commerce member directory (business.guamchamber.com.gu/directory), alphabetical member listings A-W+osm"
"80","HOT","Arnett Consulting, LLC","accountants","Piti","(671) 687-4111","","Med","Owner","Med","TBD","Guam Chamber of Commerce member directory (business.guamchamber.com.gu/directory), alphabetical member listings A-W"
"80","HOT","Kerry Cutting, CPA","accountant","","(671) 685-5646","","Med","Owner","Med","TBD","Guam Chamber of Commerce member directory (business.guamchamber.com.gu/directory), alphabetical member listings A-W"
"80","HOT","Jerold W. Filush, CPA","accountant/consultant","","(671) 688-5378","","Med","Owner","Med","TBD","Guam Chamber of Commerce member directory (business.guamchamber.com.gu/directory), alphabetical member listings A-W"
"80","HOT","Blair Sterling Johnson & Martinez, P.C.","law firm","","(671) 477-7857","bsjmlaw.com","High","Owner","Low","TBD","Guam Chamber of Commerce member directory (business.guamchamber.com.gu/directory), alphabetical member listings A-W"
"80","HOT","Camacho Calvo Law Group LLC","law firm","Hagatna","(671) 472-6813","camachocalvo.law","High","Owner","Low","TBD","Guam Chamber of Commerce member directory (business.guamchamber.com.gu/directory), alphabetical member listings A-W"
"80","HOT","Cabot Mantanona LLP","law firm","","(671) 646-2001","cmlaw.us","High","Owner","Low","TBD","Guam Chamber of Commerce member directory (business.guamchamber.com.gu/directory), alphabetical member listings A-W"
"80","HOT","Law Office of Catherine Bejerana Camacho, Esq.","law firm","","(671) 647-4222","cbclawoffice.com","High","Owner","Low","TBD","Guam Chamber of Commerce member directory (business.guamchamber.com.gu/directory), alphabetical member listings A-W"
"80","HOT","AM Insurance","insurance","","(671) 477-2632","amibrokers.com","High","Owner","Low","TBD","Guam Chamber of Commerce member directory (business.guamchamber.com.gu/directory), alphabetical member listings A-W"
"80","HOT","Cassidy's Associated Insurers, Inc.","insurance","","(671) 472-8834","cassidysguam.com","High","Owner","Low","TBD","Guam Chamber of Commerce member directory (business.guamchamber.com.gu/directory), alphabetical member listings A-W"
"80","HOT","Moylan's Insurance Underwriters, Inc.","insurance","","(671) 477-7500","moylansinsurance.com","High","Owner","Low","TBD","Guam Chamber of Commerce member directory (business.guamchamber.com.gu/directory), alphabetical member listings A-W"
"80","HOT","Transglobal Insurance Agency, Inc.","insurance","Tamuning","(671) 989-5516","transglobalus.com","High","Owner","Low","TBD","Guam Chamber of Commerce member directory (business.guamchamber.com.gu/directory), alphabetical member listings A-W"
"80","HOT","Century 21 Realty Management Company, Inc.","real estate","","(671) 647-5003","guamproperties.com","High","Owner","Low","TBD","Guam Chamber of Commerce member directory (business.guamchamber.com.gu/directory), alphabetical member listings A-W"
"80","HOT","Blue Pacific Realty","real estate","","(671) 648-1960","bluepacguam.com","High","Owner","Low","TBD","Guam Chamber of Commerce member directory (business.guamchamber.com.gu/directory), alphabetical member listings A-W"
"80","HOT","Today's Realty","real estate","","(671) 649-4361","guamhome.com","High","Owner","Low","TBD","Guam Chamber of Commerce member directory (business.guamchamber.com.gu/directory), alphabetical member listings A-W"
"80","HOT","Pacific Rim Realty","real estate","","(671) 777-4541","guamrealestateonline.com","High","Owner","Low","TBD","Guam Chamber of Commerce member directory (business.guamchamber.com.gu/directory), alphabetical member listings A-W"
"80","HOT","LandMark Realty Group & Services","real estate","","(671) 688-7827","landmarkguam.com","High","Owner","Low","TBD","Guam Chamber of Commerce member directory (business.guamchamber.com.gu/directory), alphabetical member listings A-W"
"80","HOT","Glimpses of Guam Inc.","media/publishing","","(671) 687-3816","glimpsesofguam.com","Med","Owner","Med","TBD","Guam Chamber of Commerce member directory (business.guamchamber.com.gu/directory), alphabetical member listings A-W"
"80","HOT","Pay-Less Supermarkets","supermarket","Dededo","(671) 632-9419","https://www.paylessmarkets.com/","High","Owner","Low","TBD","osm"
"80","HOT","Bank Pacific","bank","","(671) 479-1159","https://bankpacific.com/","High","Owner","Low","TBD","osm"
"80","HOT","Coffee Beanery","cafe","","(671) 472-5761","https://coffeebeaneryguam.com/","Med","Owner","Med","TBD","osm"
"80","HOT","Von Voyage","gift","","(671) 646-5388","","Med","Owner","Med","TBD","osm"
"80","HOT","Carabao Brewing","bar","","(671) 969-2337","https://carabaobrewing.com/","Med","Owner","Med","TBD","osm"
"80","HOT","Regal Cinemas Guam Megaplex 14","cinema","","(844) 462-7342","","Med","Owner","Med","TBD","osm"
"80","HOT","Skechers","shoes","","(671) 647-7463","","Med","Owner","Med","TBD","osm"
"80","HOT","Yogurtland","fast food","","(671) 475-9595","http://yogurt-land.com","Med","Owner","Med","TBD","osm"
"80","HOT","Java Hut Cafe","cafe","","(671) 647-5282","http://javahutcoffeeshop.com","Med","Owner","Med","TBD","osm"
"80","HOT","Tony Roma's","restaurant","","(671) 646-0017","https://www.tonyromas.com/locations/tony-romas-royal-orchid-hotel/","Med","Owner","Med","TBD","osm"
"80","HOT","Panda Express","fast food","","(671) 646-9887","http://pandaexpress.com","Med","Owner","Med","TBD","osm"
"80","HOT","Pretzelmaker","fast food","","(671) 472-6698","http://pretzelmaker.com","Med","Owner","Med","TBD","osm"
"80","HOT","PenFed Credit Union","bank","","(671) 247-5626","https://www.penfed.org/","High","Owner","Low","TBD","osm"
"80","HOT","Turé Café","cafe","","(671) 479-8873","http://turecafeguam.com","Med","Owner","Med","TBD","osm"
"80","HOT","Terry's Local Comfort Food","restaurant","","(671) 646-3663","http://terryslocalcomfortfood.com","Med","Owner","Med","TBD","osm"
"80","HOT","Fuji Ichi Ban","restaurant","","(671) 647-6357","http://enguam.com","Med","Owner","Med","TBD","osm"
"80","HOT","Merizo Seasid B&B Units 1,2 & 3","guest house","Merizo","(671) 727-3512","","Med","Owner","Med","TBD","osm"
"80","HOT","BD's Bookkeeping","accountant","","+1-671-477-9393; +1-671-477-9392","","Med","Owner","Med","TBD","osm"
"80","HOT","Tasi Grill","restaurant","Tumon","(671) 648-8000","https://www.dusit.com/dusitthani-guamresort/dining/","Med","Owner","Med","TBD","osm"
"80","HOT","Aqua","restaurant","Tumon","(671) 648-8000","https://www.dusit.com/dusitthani-guamresort/dining/","Med","Owner","Med","TBD","osm"
"80","HOT","Alfredo's Steakhouse","restaurant","Tumon","(671) 648-8000","https://www.dusit.com/dusitthani-guamresort/dining/","Med","Owner","Med","TBD","osm"
"80","HOT","Soi","restaurant","Tumon","(671) 648-8000","https://www.dusit.com/dusitthani-guamresort/dining/","Med","Owner","Med","TBD","osm"
"80","HOT","Public Defender Service Corporation","government","Sinajana","(671) 475-3100","https://guampdsc.org","Med","Owner","Med","TBD","osm"
"80","HOT","Kynd tattoo","tattoo","Tamuning","(671) 969-0226","","Med","Owner","Med","TBD","osm"
"80","HOT","Palm Tree Golf Course","sports centre","","(671) 366-4653","https://militarymwrguam.com/","High","Owner","Low","TBD","osm"
"80","HOT","DFS Galleria Guam","mall","","+1-671-646-9640; +1-671-646-9641","","Med","Owner","Med","TBD","osm"
"80","HOT","Horse & Cow","bar","","(671) 646-2692","http://www.horseandcow.com/guam.html","Med","Owner","Med","TBD","osm"
"80","HOT","Carmen's Cha Cha Cha","restaurant","Hagåtña","+1-671-472-7823; +1-671-472-7824","http://www.carmenschachacha.com","Med","Owner","Med","TBD","osm"
"80","HOT","Kitchen Lingo","restaurant","","(671) 472-5550","https://www.kitchenlingoguam.com/","Med","Owner","Med","TBD","osm"
"80","HOT","St. Padre Pio Gift Shop","gift","","(671) 472-5652","","Med","Owner","Med","TBD","osm"
"80","HOT","Crab Daddy Agana","restaurant","Hagatna","(671) 477-2722","https://www.crabdaddyguam.com/","Med","Owner","Med","TBD","osm"
"80","HOT","Guam Regional Medical City","hospital","Dededo","(671) 645-5500","https://www.grmc.gu/","High","Owner","Low","TBD","osm"
"80","HOT","Naval Hospital Guam","hospital","Agana Heights","(671) 344-9202","https://www.med.navy.mil/sites/usnhguam/","High","Owner","Low","TBD","osm"
"80","HOT","Guam Memorial Hospital","hospital","Tamuning","(671) 647-2555","https://gmha.org/","High","Owner","Low","TBD","osm"
"80","HOT","Agaña Center Stadium Theatres","cinema","","(671) 632-2204","","Med","Owner","Med","TBD","osm"
"73","WARM","Island Mobile Shredding","paper shredding","","(671) 473-7662","","Med","Chain","Med","TBD","https://www.eguamdirectory.com"
"73","WARM","JCA Guam, LLC dba McDonald's of Guam","restaurant","","(671) 649-9093","mcdonaldsguamandsaipan.com","Med","Chain","Med","TBD","Guam Chamber of Commerce member directory (business.guamchamber.com.gu/directory), alphabetical member listings A-W"
"73","WARM","Wendy's","fast food","","(671) 475-8800","http://wendys.com","Med","Chain","Med","TBD","osm"
"73","WARM","Home Depot","doityourself","Tamuning","(671) 648-0440","","Med","Chain","Med","TBD","osm"
"73","WARM","Subway","fast food","","(671) 649-5500","http://order.subway.com","Med","Chain","Med","TBD","osm"
"73","WARM","Payless Agana","supermarket","","(671) 477-7006","https://paylessmarkets.com/","High","Chain","Low","TBD","osm"
"73","WARM","Ross","department store","","(671) 647-7677","","Med","Chain","Med","TBD","osm"
"73","WARM","Pizza Hut","restaurant","","(671) 565-3351","http://www.pizzahutguam.com/","Med","Chain","Med","TBD","osm"
"70","WARM","Cawood's Craftwork","gift shop","Yigo","(671) 687-5761","","Low","Owner","Med","TBD","hafaguam.com (Guam business directory /guam-businesses). Note: guamfoody.com was inaccessible (HTTP 403 Forbidden on www and apex), so no records were mined from it."
"70","WARM","Pecoli Sweets & Snacks","sweets / snacks","Tamuning","(671) 969-0635","","Low","Owner","Med","TBD","hafaguam.com (Guam business directory /guam-businesses). Note: guamfoody.com was inaccessible (HTTP 403 Forbidden on www and apex), so no records were mined from it."
"70","WARM","SPJ Crafts & Engraving","engraving / woodcrafts","","(671) 480-7672","","Low","Owner","Med","TBD","hafaguam.com (Guam business directory /guam-businesses). Note: guamfoody.com was inaccessible (HTTP 403 Forbidden on www and apex), so no records were mined from it."
"70","WARM","Guam Automotive Clinic","auto repair","Tamuning","","","High","Owner","High","TBD","Yelp (yelp.com)"
"70","WARM","Plumbing Pros","plumber","Tamuning","","","High","Owner","High","TBD","Yelp (yelp.com)"
"70","WARM","Detry Pumping Service","plumber","Tamuning","","","High","Owner","High","TBD","Yelp (yelp.com)"
"70","WARM","Barrett Plumbing & Pumping","plumber","Chalan Pago","","","High","Owner","High","TBD","Yelp (yelp.com)"
"70","WARM","Guam Dental Arts","dentist","Tamuning","","","High","Owner","High","TBD","Yelp (yelp.com)"
"70","WARM","Island Dental","dentist","Tamuning","","","High","Owner","High","TBD","Yelp (yelp.com)"
"70","WARM","Hightower Dental Clinic","dentist","Tamuning","","","High","Owner","High","TBD","Yelp (yelp.com)"
"70","WARM","Animal Medical Clinic","veterinarian","Dededo","","","High","Owner","High","TBD","Yelp (yelp.com)"
"70","WARM","Wise Owl Animal Hospital","veterinarian","Tamuning","","","High","Owner","High","TBD","Yelp (yelp.com)"
"70","WARM","Bob Hildreth, DVM","veterinarian","Hagatna","","","High","Owner","High","TBD","Yelp (yelp.com)"
"70","WARM","Harper Veterinary Hospital","veterinarian","Tamuning","","","High","Owner","High","TBD","Yelp (yelp.com)"
"70","WARM","Cold Stone Creamery","ice cream shop","Tamuning","(671) 649-4800","","Low","Owner","Med","TBD","Attempted primary source yellowpages.com (state GU) — BLOCKED (HTTP 403). Similar national yellow-pages also blocked (superpages.com, manta.com, chamberofcommerce.com, dexknows.com, cybo.com, hotfrog.com, yalwa.com, tuugo.us, 2findlocal.com, yellowpagecity.com) or empty for GU (elocal.com, americantowns.com). Only readable national yellow-pages was opendi.us (yellowpages-bb.opendi.us) Guam directory, which is a sparse stub: only 3 populated village pages (Tamuning, Dededo, Hagatna) showing ~2 businesses each. Records below are the real, verified listings extracted from opendi.us — not padded."
"70","WARM","Cold Stone Creamery","ice cream shop","Dededo","(671) 633-8800","","Low","Owner","Med","TBD","Attempted primary source yellowpages.com (state GU) — BLOCKED (HTTP 403). Similar national yellow-pages also blocked (superpages.com, manta.com, chamberofcommerce.com, dexknows.com, cybo.com, hotfrog.com, yalwa.com, tuugo.us, 2findlocal.com, yellowpagecity.com) or empty for GU (elocal.com, americantowns.com). Only readable national yellow-pages was opendi.us (yellowpages-bb.opendi.us) Guam directory, which is a sparse stub: only 3 populated village pages (Tamuning, Dededo, Hagatna) showing ~2 businesses each. Records below are the real, verified listings extracted from opendi.us — not padded."
"70","WARM","Pacific Media Group","advertising & marketing","Hagatna","(671) 479-0226","http://pdnmediagroup.com","Med","Owner","Low","TBD","Attempted primary source yellowpages.com (state GU) — BLOCKED (HTTP 403). Similar national yellow-pages also blocked (superpages.com, manta.com, chamberofcommerce.com, dexknows.com, cybo.com, hotfrog.com, yalwa.com, tuugo.us, 2findlocal.com, yellowpagecity.com) or empty for GU (elocal.com, americantowns.com). Only readable national yellow-pages was opendi.us (yellowpages-bb.opendi.us) Guam directory, which is a sparse stub: only 3 populated village pages (Tamuning, Dededo, Hagatna) showing ~2 businesses each. Records below are the real, verified listings extracted from opendi.us — not padded."
"70","WARM","France Wines Etc.","beverage wholesale","","(671) 689-0180","francewinesetc.com","Med","Owner","Low","TBD","Guam Chamber of Commerce member directory (business.guamchamber.com.gu/directory), alphabetical member listings A-W"
"70","WARM","Andrew's Safe and Lock","locksmith/security","","(671) 687-5397","securingguam.com","Med","Owner","Low","TBD","Guam Chamber of Commerce member directory (business.guamchamber.com.gu/directory), alphabetical member listings A-W"
"70","WARM","Phoenix Pacific (Guam), Inc.","technical services","","(671) 646-6462","phoenixpacificinc.com","Med","Owner","Low","TBD","Guam Chamber of Commerce member directory (business.guamchamber.com.gu/directory), alphabetical member listings A-W"
"70","WARM","Dewitt Moving & Storage","moving & storage","","(671) 648-1800","dewittguam.com","Med","Owner","Low","TBD","Guam Chamber of Commerce member directory (business.guamchamber.com.gu/directory), alphabetical member listings A-W"
"70","WARM","Guam Pak Express, Inc.","storage/shipping","","(671) 646-2623","guampak.com","Med","Owner","Low","TBD","Guam Chamber of Commerce member directory (business.guamchamber.com.gu/directory), alphabetical member listings A-W"
"70","WARM","Guahan Waste Control Inc. dba Mr. Rubbishman","waste/environmental","","(671) 649-5183","mrrubbishman.com","Med","Owner","Low","TBD","Guam Chamber of Commerce member directory (business.guamchamber.com.gu/directory), alphabetical member listings A-W"
"70","WARM","Ina Wellness Collective","wellness/personal care","","(671) 686-0606","inawellnesscollective.com","Med","Owner","Low","TBD","Guam Chamber of Commerce member directory (business.guamchamber.com.gu/directory), alphabetical member listings A-W"
"70","WARM","Clyde & Julita Sauget, LLC dba American Music Guam","retail/music","","(671) 647-6895","americanmusicguam.com","Med","Owner","Low","TBD","Guam Chamber of Commerce member directory (business.guamchamber.com.gu/directory), alphabetical member listings A-W"
"70","WARM","Guam Baby Company","specialty retail","","(671) 687-6587","guambabyco.com","Med","Owner","Low","TBD","Guam Chamber of Commerce member directory (business.guamchamber.com.gu/directory), alphabetical member listings A-W"
"70","WARM","Guam Gift Baskets","specialty retail","","(671) 988-5809","guamgiftbaskets.com","Med","Owner","Low","TBD","Guam Chamber of Commerce member directory (business.guamchamber.com.gu/directory), alphabetical member listings A-W"
"70","WARM","GUAM COPIER","office equipment/supply","","(671) 777-0240","guamcopier.com","Med","Owner","Low","TBD","Guam Chamber of Commerce member directory (business.guamchamber.com.gu/directory), alphabetical member listings A-W"
"70","WARM","Busy Ant Marketing","marketing/advertising","","(671) 489-1097","busyantmarketing.com","Med","Owner","Low","TBD","Guam Chamber of Commerce member directory (business.guamchamber.com.gu/directory), alphabetical member listings A-W"
"70","WARM","Signking Inc.","signage/marketing","","(671) 646-1166","signkingguam.com","Med","Owner","Low","TBD","Guam Chamber of Commerce member directory (business.guamchamber.com.gu/directory), alphabetical member listings A-W"
"70","WARM","Vantage Advertising","advertising","","(671) 969-5791","vantageguam.com","Med","Owner","Low","TBD","Guam Chamber of Commerce member directory (business.guamchamber.com.gu/directory), alphabetical member listings A-W"
"70","WARM","Thrive Media Group","advertising/media","","(671) 683-9031","thrivemediaguam.com","Med","Owner","Low","TBD","Guam Chamber of Commerce member directory (business.guamchamber.com.gu/directory), alphabetical member listings A-W"
"70","WARM","Promotions Specialties","promotional products","","(671) 649-3117","promoguam.com","Med","Owner","Low","TBD","Guam Chamber of Commerce member directory (business.guamchamber.com.gu/directory), alphabetical member listings A-W"
"70","WARM","Graphic Center, Inc.","print/media","","(671) 472-3072","gciguam.com","Med","Owner","Low","TBD","Guam Chamber of Commerce member directory (business.guamchamber.com.gu/directory), alphabetical member listings A-W"
"70","WARM","Amazing Kids Child Development Center","childcare","","(671) 472-2271","akcdc.com","Med","Owner","Low","TBD","Guam Chamber of Commerce member directory (business.guamchamber.com.gu/directory), alphabetical member listings A-W"
"70","WARM","Sylvan Learning Center","education/tutoring","","(671) 477-0700","sylvanlearning.com","Med","Owner","Low","TBD","Guam Chamber of Commerce member directory (business.guamchamber.com.gu/directory), alphabetical member listings A-W"
"70","WARM","Hyatt Regency Guam","hotel","","","","High","Owner","High","TBD","osm"
"70","WARM","Oceana A: Pacific Islands Club","hotel","","","","High","Owner","High","TBD","osm"
"70","WARM","Wyndham Garden Guam","hotel","","","","High","Owner","High","TBD","osm"
"70","WARM","Guam Polyclinic","clinic","Tamuning","","","High","Owner","High","TBD","osm"
"70","WARM","Holiday Tower Hotel","hotel","","","","High","Owner","High","TBD","osm"
"70","WARM","Pacific Star Resort & Spa","hotel","","","","High","Owner","High","TBD","osm"
"70","WARM","Tumon Bay Capital Hotel","hotel","","","","High","Owner","High","TBD","osm"
"70","WARM","Pia Resort","hotel","","","","High","Owner","High","TBD","osm"
"70","WARM","Guam Reef Hotel","hotel","","","","High","Owner","High","TBD","osm"
"70","WARM","Ocanview Hotel & Residence","hotel","","","","High","Owner","High","TBD","osm"
"70","WARM","Crowne Plaza Resort Guam","hotel","","","","High","Owner","High","TBD","osm"
"70","WARM","Holiday Resort & Spa Guam","hotel","","","","High","Owner","High","TBD","osm"
"70","WARM","Grand Plaza Hotel","hotel","","","","High","Owner","High","TBD","osm"
"70","WARM","Triple J Motors Acura/Honda","car","","(671) 648-6141","http://www.triplejguam.com","Med","Owner","Low","TBD","osm"
"70","WARM","Oceana B Tower: Pacific Islands Club","hotel","","","","High","Owner","High","TBD","osm"
"70","WARM","Royal Tower: Pacific Islands Club","hotel","","","","High","Owner","High","TBD","osm"
"70","WARM","Consulate General of Japan","diplomatic","Tamuning","(671) 646-1290","http://www.hagatna.us.emb-japan.go.jp/index.htm#contentstop","Med","Owner","Low","TBD","osm"
"70","WARM","Guam Airport Hotel","hotel","","","","High","Owner","High","TBD","osm"
"70","WARM","Pacific Bay Hotel","hotel","","","","High","Owner","High","TBD","osm"
"70","WARM","PIC","hotel","","","","High","Owner","High","TBD","osm"
"70","WARM","Isand Dental","dentist","","","","High","Owner","High","TBD","osm"
"70","WARM","Cold Stone Creamery","ice cream","","(671) 647-4800","","Low","Owner","Med","TBD","osm"
"70","WARM","Crown Bakery","bakery","","(671) 734-4862","https://crownbakeryguam.com/","Med","Owner","Low","TBD","osm"
"70","WARM","Guam Chamber of Commerce","government","","(671) 472-6311","https://guamchamber.com.gu/","Med","Owner","Low","TBD","osm"
"70","WARM","The Cliff Hotel","hotel","","","","High","Owner","High","TBD","osm"
"70","WARM","Mongmong Mayor's Office","government","","(671) 477-6758","","Med","Gov","Med","TBD","osm"
"70","WARM","WellTech Telecommunications, LLC","telecommunication","Tamuning","(671) 632-6688","https://www.welltechguam.com","Med","Owner","Low","TBD","osm"
"70","WARM","Wise Owl","veterinary","","","","High","Owner","High","TBD","osm"
"70","WARM","Guam Museum","attraction","","(671) 989-4455","https://www.guammuseum.org/","Med","Owner","Low","TBD","osm"
"70","WARM","Crowns Guam","shoes","Hagåtña","(671) 488-5327","https://crownsguam.com/","Med","Owner","Low","TBD","osm"
"70","WARM","Next Generation Info Integrators","it","Hagåtña","(671) 689-5432","https://www.nextgensys.com","Med","Owner","Low","TBD","osm"
"70","WARM","Roger J. Kaneshiro Orthodontics","dentist","","","","High","Owner","High","TBD","osm"
"70","WARM","BME & Sons INC.","company","","(671) 632-3338","https://bmeandsons.com/","Med","Owner","Low","TBD","osm"
"70","WARM","Nicdao Chiropractic","alternative","Tamuning","(671) 472-2225","https://www.chiroguam.com","Med","Owner","Low","TBD","osm"
"70","WARM","Navy Getway Inns & Suites","hotel","","","","High","Owner","High","TBD","osm"
"70","WARM","Oka Towers","hotel","","","","High","Owner","High","TBD","osm"
"70","WARM","Wise Owl Animal Hospital","veterinary","","","","High","Owner","High","TBD","osm"
"70","WARM","The Doctors Clinic","clinic","","","","High","Owner","High","TBD","osm"
"70","WARM","Pacific Islands Club: Royal Tower","hotel","Tamuning","","","High","Owner","High","TBD","osm"
"70","WARM","Pacific Islands Club: Oceana Tower II","hotel","Tamuning","","","High","Owner","High","TBD","osm"
"70","WARM","Guam Marriott Resort & Spa","hotel","Tamuning","","","High","Owner","High","TBD","osm"
"70","WARM","Sherwood Resort Guam","hotel","","","","High","Owner","High","TBD","osm"
"70","WARM","Onward Tower","hotel","Tamuning","","","High","Owner","High","TBD","osm"
"70","WARM","Garden Villa Hotel","hotel","","","","High","Owner","High","TBD","osm"
"70","WARM","Days Inn by Wyndham Guam Tamuning","hotel","Tamuning","","","High","Owner","High","TBD","osm"
"70","WARM","Hotel Tano","hotel","","","","High","Owner","High","TBD","osm"
"70","WARM","Tumon Bay Capitol Hotel","hotel","Tamuning","","","High","Owner","High","TBD","osm"
"70","WARM","Onward Talofofo Golf Resort","golf course","","","","High","Owner","High","TBD","osm"
"70","WARM","The Westin Resort Guam","hotel","Tamuning","","","High","Owner","High","TBD","osm"
"70","WARM","Palmridge Inn","hotel","","","","High","Owner","High","TBD","osm"
"70","WARM","Kalingal Clinic","doctors","","","","High","Owner","High","TBD","osm"
"70","WARM","Guam Reef Hotel: Beach Tower","hotel","Tamuning","","","High","Owner","High","TBD","osm"
"70","WARM","Guam Reef Hotel: Infinity Tower","hotel","Tamuning","","","High","Owner","High","TBD","osm"
"63","WARM","Leo Palace","hotel","","","","High","Chain","High","TBD","osm"
"60","WARM","Guam Brewery Taphouse","brewery / bar","Tamuning","","","Med","Owner","High","TBD","hafaguam.com (Guam business directory /guam-businesses). Note: guamfoody.com was inaccessible (HTTP 403 Forbidden on www and apex), so no records were mined from it."
"60","WARM","Jamaican Grill Restaurant","restaurant","","","","Med","Owner","High","TBD","hafaguam.com (Guam business directory /guam-businesses). Note: guamfoody.com was inaccessible (HTTP 403 Forbidden on www and apex), so no records were mined from it.+osm"
"60","WARM","Cafe Gudcha","cafe","","","","Med","Owner","High","TBD","hafaguam.com (Guam business directory /guam-businesses). Note: guamfoody.com was inaccessible (HTTP 403 Forbidden on www and apex), so no records were mined from it."
"60","WARM","Tasi Grill","restaurant","","","","Med","Owner","High","TBD","hafaguam.com (Guam business directory /guam-businesses). Note: guamfoody.com was inaccessible (HTTP 403 Forbidden on www and apex), so no records were mined from it."
"60","WARM","Tapioca Cafe","cafe","","","","Med","Owner","High","TBD","hafaguam.com (Guam business directory /guam-businesses). Note: guamfoody.com was inaccessible (HTTP 403 Forbidden on www and apex), so no records were mined from it."
"60","WARM","Food Classic Restaurant","restaurant","","","","Med","Owner","High","TBD","hafaguam.com (Guam business directory /guam-businesses). Note: guamfoody.com was inaccessible (HTTP 403 Forbidden on www and apex), so no records were mined from it."
"60","WARM","Pika's Cafe","restaurant / cafe","","","","Med","Owner","High","TBD","hafaguam.com (Guam business directory /guam-businesses). Note: guamfoody.com was inaccessible (HTTP 403 Forbidden on www and apex), so no records were mined from it.+osm"
"60","WARM","Thai Smoothie and Grill","restaurant","","","","Med","Owner","High","TBD","hafaguam.com (Guam business directory /guam-businesses). Note: guamfoody.com was inaccessible (HTTP 403 Forbidden on www and apex), so no records were mined from it."
"60","WARM","Old Town (Upper Tumon)","restaurant","Tamuning","","","Med","Owner","High","TBD","Yelp (yelp.com)"
"60","WARM","LA Korean BBQ and Tofu","restaurant","Tamuning","","","Med","Owner","High","TBD","Yelp (yelp.com)"
"60","WARM","Oriental Restaurant","restaurant","Tamuning","","","Med","Owner","High","TBD","Yelp (yelp.com)"
"60","WARM","Buga Restaurant","restaurant","Tamuning","","","Med","Owner","High","TBD","Yelp (yelp.com)"
"60","WARM","Maru","restaurant","Tamuning","","","Med","Owner","High","TBD","Yelp (yelp.com)"
"60","WARM","Chamorro Island BBQ","restaurant","Tamuning","","","Med","Owner","High","TBD","Yelp (yelp.com)"
"60","WARM","Chamorro Chip Cafe","cafe","Tamuning","","","Med","Owner","High","TBD","Yelp (yelp.com)"
"60","WARM","Meskla Chamoru Fusion Bistro","restaurant","Tamuning","","","Med","Owner","High","TBD","Yelp (yelp.com)"
"60","WARM","Marianas Trench","restaurant","Tamuning","","","Med","Owner","High","TBD","Yelp (yelp.com)"
"60","WARM","Lieng's Restaurant","restaurant","Tamuning","","","Med","Owner","High","TBD","Yelp (yelp.com)"
"60","WARM","Stonefish Grill","restaurant","Tamuning","","","Med","Owner","High","TBD","Yelp (yelp.com)"
"60","WARM","Cafe Rocona","cafe","Tumon","","","Med","Owner","High","TBD","Yelp (yelp.com)"
"60","WARM","The Kracked Egg","restaurant","Tumon","","","Med","Owner","High","TBD","Yelp (yelp.com)"
"60","WARM","JG Coffee Shop","coffee shop","Tamuning","","","Med","Owner","High","TBD","Yelp (yelp.com)"
"60","WARM","J Nail","nail salon","Tamuning","","","Med","Owner","High","TBD","Yelp (yelp.com)"
"60","WARM","New York Nails","nail salon","Tamuning","","","Med","Owner","High","TBD","Yelp (yelp.com)"
"60","WARM","Savvy Nails & PediSpa","nail salon","Dededo","","","Med","Owner","High","TBD","Yelp (yelp.com)"
"60","WARM","Angela Nail & Lash Salon","nail salon","Tamuning","","","Med","Owner","High","TBD","Yelp (yelp.com)"
"60","WARM","Mirage Nail Salon","nail salon","Tamuning","","","Med","Owner","High","TBD","Yelp (yelp.com)"
"60","WARM","United Tire & Lube","auto repair","Tamuning","","","Med","Owner","High","TBD","Yelp (yelp.com)"
"60","WARM","Auto Worx","auto repair","Tamuning","","","Med","Owner","High","TBD","Yelp (yelp.com)"
"60","WARM","One Stop Auto Care and Tire Outlet","auto repair","Tamuning","","","Med","Owner","High","TBD","Yelp (yelp.com)"
"60","WARM","Comfort Auto Air Conditioning","auto repair","Tamuning","","","Med","Owner","High","TBD","Yelp (yelp.com)"
"60","WARM","Guam Cool-Air","auto repair","Tamuning","","","Med","Owner","High","TBD","Yelp (yelp.com)"
"60","WARM","Guam Royal Spa","day spa","Tamuning","","","Med","Owner","High","TBD","Yelp (yelp.com)"
"60","WARM","Dream Spa & Massage","massage/spa","Tamuning","","","Med","Owner","High","TBD","Yelp (yelp.com)"
"60","WARM","Paradise Fitness","gym","Dededo","","","Med","Owner","High","TBD","Yelp (yelp.com)"
"60","WARM","Paradise Fitness","gym","Tamuning","","","Med","Owner","High","TBD","Yelp (yelp.com)"
"60","WARM","Eye Care Guam","optical / eye care","Tamuning","","","High","Owner","Med","TBD","Yelp (yelp.com)"
"60","WARM","Velani Jewelry","jewelry","Tamuning","","","High","Owner","Med","TBD","Yelp (yelp.com)"
"60","WARM","The Laundry Solutions","laundry / dry cleaning","Dededo","","","Med","Owner","High","TBD","Yelp (yelp.com)"
"60","WARM","Northern Region Community Health Center","clinic","","","https://dphss.guam.gov/","High","Owner","Med","TBD","osm"
"60","WARM","Department Of Public Health And Social Services","government","Inarajan","","","High","Gov","High","TBD","osm"
"60","WARM","Ruby Tuesday","restaurant","","","","Med","Owner","High","TBD","osm"
"60","WARM","King’s Restaurant","restaurant","","","","Med","Owner","High","TBD","osm"
"60","WARM","Lone Star Steakhouse","restaurant","","","","Med","Owner","High","TBD","osm"
"60","WARM","Cost-U-Less Harmon","supermarket","","","","High","Owner","Med","TBD","osm"
"60","WARM","TGI Fridays","restaurant","","","","Med","Owner","High","TBD","osm"
"60","WARM","Jeff's Pirates Cove","restaurant","","","","Med","Owner","High","TBD","osm"
"60","WARM","Citi Bank","bank","","","","High","Owner","Med","TBD","osm"
"60","WARM","Bank of Guam","bank","","","","High","Owner","Med","TBD","osm"
"60","WARM","Julale Shopping Center","bank","Hagatna","","","High","Owner","Med","TBD","osm"
"60","WARM","Meskla Chamoru Fusion Bistro","restaurant","","","","Med","Owner","High","TBD","osm"
"60","WARM","Bamboo Vietnamese Resto","restaurant","","","","Med","Owner","High","TBD","osm"
"60","WARM","Santa Fe","restaurant","","","","Med","Owner","High","TBD","osm"
"60","WARM","Molly Mcgee's","bar","","","","Med","Owner","High","TBD","osm"
"60","WARM","Guam Plaza Hotel","hotel","Tamuning","","https://www.guamplaza.com/","High","Owner","Med","TBD","osm"
"60","WARM","Nana's Cafe","restaurant","","","","Med","Owner","High","TBD","osm"
"60","WARM","Proa","restaurant","","","","Med","Owner","High","TBD","osm"
"60","WARM","Planet Hllowood","restaurant","","","","Med","Owner","High","TBD","osm"
"60","WARM","AK Toyota Service","car repair","","","","Med","Owner","High","TBD","osm"
"60","WARM","Atkins Kroll GM Service","car repair","","","","Med","Owner","High","TBD","osm"
"60","WARM","Atkins Kroll Auto Body Shop","car repair","","","","Med","Owner","High","TBD","osm"
"60","WARM","Meskla Dos","fast food","","","","Med","Owner","High","TBD","osm"
"60","WARM","Nissan Service Department","car repair","","","","Med","Owner","High","TBD","osm"
"60","WARM","Cafe Terrace Plaza","fast food","","","","Med","Owner","High","TBD","osm"
"60","WARM","Cinnabon","fast food","","","","Med","Owner","High","TBD","osm"
"60","WARM","HOT","fast food","","","","Med","Owner","High","TBD","osm"
"60","WARM","Tony Roma's","restaurant","Tumon","","","Med","Owner","High","TBD","osm"
"60","WARM","Vince","jewelry","","","","High","Owner","Med","TBD","osm"
"60","WARM","Asian BISTRO","restaurant","","","","Med","Owner","High","TBD","osm"
"60","WARM","ル・プルミエ","restaurant","","","","Med","Owner","High","TBD","osm"
"60","WARM","嵯峨野","restaurant","","","","Med","Owner","High","TBD","osm"
"60","WARM","キャラベル","restaurant","","","","Med","Owner","High","TBD","osm"
"60","WARM","Food court","fast food","","","","Med","Owner","High","TBD","osm"
"60","WARM","Ono Sushi","fast food","","","","Med","Owner","High","TBD","osm"
"60","WARM","Kitchen ARIGATO","fast food","","","","Med","Owner","High","TBD","osm"
"60","WARM","American Jewelry","jewelry","","","","High","Owner","Med","TBD","osm"
"60","WARM","Korean Place","fast food","","","","Med","Owner","High","TBD","osm"
"60","WARM","Hawai Grill","fast food","","","","Med","Owner","High","TBD","osm"
"60","WARM","New China Gate","fast food","","","","Med","Owner","High","TBD","osm"
"60","WARM","Yammy House","fast food","","","","Med","Owner","High","TBD","osm"
"60","WARM","Sushi Rock","fast food","","","","Med","Owner","High","TBD","osm"
"60","WARM","Calvi House","restaurant","Tumon","","","Med","Owner","High","TBD","osm"
"60","WARM","Capricciosa","restaurant","Tumon","","","Med","Owner","High","TBD","osm"
"60","WARM","ハーゲンダッツ","fast food","","","","Med","Owner","High","TBD","osm"
"60","WARM","GUAM TOURIST CLINIC CORPORATION","clinic","","","http://www.tourist-clinic.com/","High","Owner","Med","TBD","osm"
"60","WARM","Grill an Curry","cafe","","","","Med","Owner","High","TBD","osm"
"60","WARM","Zanzi Mart","convenience","Tiyan Barrigada","(671) 929-2326","https://www.zanzimart.com","Low","Owner","Low","TBD","osm"
"60","WARM","Bangkok Cafe","restaurant","","","","Med","Owner","High","TBD","osm"
"60","WARM","Bank of Guam","bank","Merizo","","","High","Owner","Med","TBD","osm"
"60","WARM","Onedera Store","supermarket","","","","High","Owner","Med","TBD","osm"
"60","WARM","JJ RESIDENCE","motel","","","","High","Owner","Med","TBD","osm"
"60","WARM","USO","cafe","Tumon","","","Med","Owner","High","TBD","osm"
"60","WARM","HIDE Yakitori","restaurant","","","","Med","Owner","High","TBD","osm"
"60","WARM","Tacos Sinaloa","restaurant","","","","Med","Owner","High","TBD","osm"
"60","WARM","Mac & Marti","bar","","","","Med","Owner","High","TBD","osm"
"60","WARM","Pay-Less Supermarket","supermarket","Yigo","","","High","Owner","Med","TBD","osm"
"60","WARM","Kento's Guam","bar","","","","Med","Owner","High","TBD","osm"
"60","WARM","Avenue Steak & Lobster","restaurant","","","","Med","Owner","High","TBD","osm"
"60","WARM","Beachin' Shirimp","restaurant","","","","Med","Owner","High","TBD","osm"
"60","WARM","JOINUS Restaurant Keyaki","restaurant","","","","Med","Owner","High","TBD","osm"
"60","WARM","Core BBQ Garden & Bar","restaurant","","","","Med","Owner","High","TBD","osm"
"60","WARM","Manhattan Steakhouse","restaurant","","","","Med","Owner","High","TBD","osm"
"60","WARM","Thapanee Thai Cuisine","restaurant","","","","Med","Owner","High","TBD","osm"
"60","WARM","Vitamin World","pharmacy","","","","High","Owner","Med","TBD","osm"
"60","WARM","Simply Food","restaurant","","","","Med","Owner","High","TBD","osm"
"60","WARM","Khaohom Thai Restaurant","restaurant","","","","Med","Owner","High","TBD","osm"
"60","WARM","Sunset Grill","restaurant","","","","Med","Owner","High","TBD","osm"
"60","WARM","Table 35 Restaurant + Bar","restaurant","","","","Med","Owner","High","TBD","osm"
"60","WARM","Ajo-Ichi","fast food","","","","Med","Owner","High","TBD","osm"
"60","WARM","Tokyo Mart Express","fast food","","","","Med","Owner","High","TBD","osm"
"60","WARM","Dr. Kabob","fast food","","","","Med","Owner","High","TBD","osm"
"60","WARM","The Curry Kebab","restaurant","","","","Med","Owner","High","TBD","osm"
"60","WARM","Port Of Mocha","cafe","","","","Med","Owner","High","TBD","osm"
"60","WARM","The Beach Bar & Grill","bar","","","","Med","Owner","High","TBD","osm"
"60","WARM","Auto Parts","car parts","","","","Med","Owner","High","TBD","osm"
"60","WARM","Infusion Tea","cafe","","","","Med","Owner","High","TBD","osm"
"60","WARM","Honolulu Coffee Co.","cafe","","","","Med","Owner","High","TBD","osm"
"60","WARM","Boka Box","cafe","","","","Med","Owner","High","TBD","osm"
"60","WARM","Vons Chicken Agana","restaurant","","","","Med","Owner","High","TBD","osm"
"60","WARM","Calvo's Insurance","car","","","","High","Owner","Med","TBD","osm"
"60","WARM","Cup's & Saucer Bakery Cafe","cafe","","","","Med","Owner","High","TBD","osm"
"60","WARM","Java Junction Coffee Shop","cafe","","","","Med","Owner","High","TBD","osm"
"60","WARM","Hokkaido Ramen","restaurant","","","","Med","Owner","High","TBD","osm"
"60","WARM","Fizz & Co","restaurant","","","","Med","Owner","High","TBD","osm"
"60","WARM","Gabriel's House of Pasta","restaurant","","","","Med","Owner","High","TBD","osm"
"60","WARM","Tea District","cafe","","","","Med","Owner","High","TBD","osm"
"60","WARM","Uncle Sim's Ramen","restaurant","","","","Med","Owner","High","TBD","osm"
"60","WARM","Misoya Ramen","restaurant","","","","Med","Owner","High","TBD","osm"
"60","WARM","BVLGARI","jewelry","","","","High","Owner","Med","TBD","osm"
"60","WARM","Kate Spade New York","clothes","","","","Med","Owner","High","TBD","osm"
"60","WARM","Jamaican bar B Q Grill","restaurant","","","","Med","Owner","High","TBD","osm"
"60","WARM","Spanish Convent","attraction","","","","Med","Owner","High","TBD","osm"
"60","WARM","Spanish Church ruins","attraction","","","","Med","Owner","High","TBD","osm"
"60","WARM","Spanish bridge","attraction","","","","Med","Owner","High","TBD","osm"
"60","WARM","Pochon Chicken","restaurant","","","","Med","Owner","High","TBD","osm"
"60","WARM","Patisserie PariSco","cafe","","","","Med","Owner","High","TBD","osm"
"60","WARM","First Commercial Bank","bank","","","","High","Owner","Med","TBD","osm"
"60","WARM","Eat Street Grill","restaurant","","","","Med","Owner","High","TBD","osm"
"60","WARM","Beachin' Shirmp","restaurant","","","","Med","Owner","High","TBD","osm"
"60","WARM","JACOB GEUST HOUSE","hostel","","","","High","Owner","Med","TBD","osm"
"60","WARM","Sugar Hut Express Spa","massage","","","","Med","Owner","High","TBD","osm"
"60","WARM","反邸","restaurant","","","","Med","Owner","High","TBD","osm"
"60","WARM","富家","restaurant","","","","Med","Owner","High","TBD","osm"
"60","WARM","Fusion Tavern","restaurant","","","","Med","Owner","High","TBD","osm"
"60","WARM","Von's Chicken","restaurant","","","","Med","Owner","High","TBD","osm"
"60","WARM","Gecko Grill Bowling Lanes","restaurant","","","","Med","Owner","High","TBD","osm"
"60","WARM","Coral Reef Gym","fitness centre","","","","Med","Owner","High","TBD","osm"
"60","WARM","Korean","restaurant","","","","Med","Owner","High","TBD","osm"
"60","WARM","Tokyo Mart","supermarket","","","","High","Owner","Med","TBD","osm"
"60","WARM","California Mart","supermarket","","","","High","Owner","Med","TBD","osm"
"60","WARM","Little Caesars","fast food","","","","Med","Owner","High","TBD","osm"
"60","WARM","Sushirock","restaurant","","","","Med","Owner","High","TBD","osm"
"60","WARM","Sea grill","restaurant","","","","Med","Owner","High","TBD","osm"
"60","WARM","Drop","bar","","","","Med","Owner","High","TBD","osm"
"60","WARM","Exit","bar","","","","Med","Owner","High","TBD","osm"
"60","WARM","Coco Palm Garden Beach","restaurant","","","","Med","Owner","High","TBD","osm"
"60","WARM","Blended Cafe","cafe","","","","Med","Owner","High","TBD","osm"
"60","WARM","American Grocery","supermarket","","","","High","Owner","Med","TBD","osm"
"60","WARM","First Hawaiian Bank","bank","","","","High","Owner","Med","TBD","osm"
"60","WARM","Chuan Fu","restaurant","","","","Med","Owner","High","TBD","osm"
"60","WARM","Green Door","bar","","","","Med","Owner","High","TBD","osm"
"60","WARM","Sakura KITCHEN","restaurant","","","","Med","Owner","High","TBD","osm"
"60","WARM","Pieology Pizzeria","restaurant","","","","Med","Owner","High","TBD","osm"
"60","WARM","Cafe ‘n Play","cafe","","","","Med","Owner","High","TBD","osm"
"60","WARM","Guahan Insurance Services","insurance","","","","High","Owner","Med","TBD","osm"
"60","WARM","Nail Luxe mani & pedi bar","cosmetics","","","","Med","Owner","High","TBD","osm"
"60","WARM","Siesta Coffee","cafe","","","","Med","Owner","High","TBD","osm"
"60","WARM","Hafa Adai Motel","motel","","","","High","Owner","Med","TBD","osm"
"60","WARM","Pfc Insurance","insurance","","","","High","Owner","Med","TBD","osm"
"60","WARM","Infusion Coffee & Cafe","cafe","","","","Med","Owner","High","TBD","osm"
"60","WARM","Papa John's","fast food","","","","Med","Owner","High","TBD","osm"
"60","WARM","Arashi Bowl","restaurant","","","","Med","Owner","High","TBD","osm"
"60","WARM","Spizy Chinese & Vietnamese Restaurant","restaurant","","","","Med","Owner","High","TBD","osm"
"60","WARM","Savvy Nails & Pedi Spa","beauty","","","","Med","Owner","High","TBD","osm"
"60","WARM","Community First","bank","","","","High","Owner","Med","TBD","osm"
"60","WARM","Thai Thai","restaurant","","","","Med","Owner","High","TBD","osm"
"60","WARM","Up Town","pub","","","","Med","Owner","High","TBD","osm"
"60","WARM","ACE auto","car parts","","","","Med","Owner","High","TBD","osm"
"60","WARM","Spring Chinese Kitchen","restaurant","","","","Med","Owner","High","TBD","osm"
"60","WARM","Hoa Mai Vietnamese Restaurant","restaurant","","","","Med","Owner","High","TBD","osm"
"60","WARM","Rollie Hair Dresser","hairdresser","","","","Med","Owner","High","TBD","osm"
"60","WARM","Winchell's","cafe","","","","Med","Owner","High","TBD","osm"
"60","WARM","I'm Into Something Good","cafe","","","","Med","Owner","High","TBD","osm"
"60","WARM","Realty One Pacific","estate agent","","","","High","Owner","Med","TBD","osm"
"60","WARM","Guam Insurance Adjusters, Inc.","insurance","","","","High","Owner","Med","TBD","osm"
"60","WARM","La Bijou Beauty & Hair Salon","beauty","Tumon","","","Med","Owner","High","TBD","osm"
"60","WARM","The Tsubaki Tower","hotel","","","https://tsubakitower.premierhotel-group.com/guam/","High","Owner","Med","TBD","osm"
"60","WARM","JG Cafe","cafe","","","","Med","Owner","High","TBD","osm"
"60","WARM","Chili's","restaurant","","","","Med","Owner","High","TBD","osm"
"60","WARM","Guam Brewery Tap House","bar","","","","Med","Owner","High","TBD","osm"
"60","WARM","Bamboo Willies (Temporarily Closed)","restaurant","Yigo","","","Med","Owner","High","TBD","osm"
"60","WARM","Harmon","hairdresser","Tamuning","","","Med","Owner","High","TBD","osm"
"60","WARM","YY Mini Mart","supermarket","","","","High","Owner","Med","TBD","osm"
"60","WARM","Bello Market","supermarket","","","","High","Owner","Med","TBD","osm"
"60","WARM","Anderson BX Food Court","food court","","","","Med","Owner","High","TBD","osm"
"60","WARM","Popeyes","fast food","","","","Med","Owner","High","TBD","osm"
"60","WARM","Camp Blaz Marine Corps Fitness Center","fitness centre","","","","Med","Owner","High","TBD","osm"
"60","WARM","Clubhouse Cafe","cafe","","","","Med","Owner","High","TBD","osm"
"60","WARM","Ben N' Yan's","restaurant","","","","Med","Owner","High","TBD","osm"
"60","WARM","Tumon Golf Driving Range","golf course","Tamuning","","","High","Owner","Med","TBD","osm"
"60","WARM","Starts","golf course","","","","High","Owner","Med","TBD","osm"
"60","WARM","Orte Point Commissary","supermarket","","","","High","Owner","Med","TBD","osm"
"60","WARM","Oka Pay-Less Supermarket","supermarket","","","","High","Owner","Med","TBD","osm"
"60","WARM","Country Club of the Pacific","golf course","","","","High","Owner","Med","TBD","osm"
"60","WARM","Admiral Nimitz Golf Course","golf course","","","","High","Owner","Med","TBD","osm"
"60","WARM","Onward Mangilao Golf Club","golf course","","","","High","Owner","Med","TBD","osm"
"60","WARM","New Yes Market","supermarket","","","","High","Owner","Med","TBD","osm"
"60","WARM","Fairo Market","supermarket","","","","High","Owner","Med","TBD","osm"
"60","WARM","Hibiscus Course","golf course","","","","High","Owner","Med","TBD","osm"
"60","WARM","Bougainvillea Course","golf course","","","","High","Owner","Med","TBD","osm"
"60","WARM","Plumera Course","golf course","","","","High","Owner","Med","TBD","osm"
"60","WARM","Orchid Course","golf course","","","","High","Owner","Med","TBD","osm"
"60","WARM","Alupang Beach Tower","hotel","Tamuning","","https://www.abtower.com/","High","Owner","Med","TBD","osm"
"60","WARM","Bank of Hawaii","bank","","","","High","Owner","Med","TBD","osm"
"60","WARM","Alpha Insurers","insurance","","","","High","Owner","Med","TBD","osm"
"60","WARM","Caliente Mexican Taqueria","restaurant","Hagåtña","","","Med","Owner","High","TBD","osm"
"60","WARM","Tamuning Plaza Hotel","hotel","Tamuning","","http://www.guamhotel.com/","High","Owner","Med","TBD","osm"
"60","WARM","Latte Heights Market","supermarket","","","","High","Owner","Med","TBD","osm"
"60","WARM","Sun Market","supermarket","","","","High","Owner","Med","TBD","osm"
"60","WARM","G Mart","supermarket","","","","High","Owner","Med","TBD","osm"
"60","WARM","Hafa Adai Market","supermarket","","","","High","Owner","Med","TBD","osm"
"60","WARM","Yigo Island Pantry Store","supermarket","","","","High","Owner","Med","TBD","osm"
"60","WARM","Bang's Market","supermarket","","","","High","Owner","Med","TBD","osm"
"60","WARM","Gayinero Mart","supermarket","","","","High","Owner","Med","TBD","osm"
"60","WARM","IHOP","restaurant","Tamuning","","","Med","Owner","High","TBD","osm"
"60","WARM","Fishermen's Co-Op","restaurant","","","","Med","Owner","High","TBD","osm"
"60","WARM","Talofofo Gym","fitness centre","","","","Med","Owner","High","TBD","osm"
"60","WARM","Windward Hilld Gold Course","golf course","","","","High","Owner","Med","TBD","osm"
"60","WARM","Naval Base Guam Autoport","fuel","","","","Med","Owner","High","TBD","osm"
"60","WARM","IHOP","restaurant","","","","Med","Owner","High","TBD","osm"
"60","WARM","Applebee's","restaurant","","","","Med","Owner","High","TBD","osm"
"60","WARM","Lotte Hotel","hotel","Tamuning","","https://www.lottehotel.com/guam-hotel/en.html","High","Owner","Med","TBD","osm"
"60","WARM","Crowne Plaza Resort Guam","hotel","Tamuning","","https://guam.crowneplaza.com/","High","Owner","Med","TBD","osm"
"60","WARM","YJ Market","supermarket","","","","High","Owner","Med","TBD","osm"
"60","WARM","Besta Market","supermarket","","","","High","Owner","Med","TBD","osm"
"60","WARM","Hambros","fast food","","","","Med","Owner","High","TBD","osm"
"60","WARM","Cafe Panadero","restaurant","","","","Med","Owner","High","TBD","osm"
"60","WARM","Express Tire & Lube","car repair","","","","Med","Owner","High","TBD","osm"
"60","WARM","American Groceries","supermarket","","","","High","Owner","Med","TBD","osm"
"60","WARM","Hills Market","supermarket","","","","High","Owner","Med","TBD","osm"
"60","WARM","One Plus Market","supermarket","","","","High","Owner","Med","TBD","osm"
"60","WARM","Yigo Motors","car repair","","","","Med","Owner","High","TBD","osm"
"60","WARM","Uptown Pub & Grill","restaurant","","","","Med","Owner","High","TBD","osm"
"60","WARM","The Village Pantry","supermarket","","","","High","Owner","Med","TBD","osm"
"60","WARM","Island Girl Coffee","cafe","","","","Med","Owner","High","TBD","osm"
"60","WARM","Nilo's Barbershop","hairdresser","","","","Med","Owner","High","TBD","osm"
"60","WARM","Alegeta Mart","supermarket","","","","High","Owner","Med","TBD","osm"
"60","WARM","Infusion Coffee & Tea Guam","cafe","","","","Med","Owner","High","TBD","osm"
"60","WARM","Anderson Golf Course","golf course","","","","High","Owner","Med","TBD","osm"
"53","COLD","Payless Supermarket Micronesia Mall","supermarket","","","","High","Chain","Med","TBD","osm"
"53","COLD","McDonald's","fast food","","","","Med","Chain","High","TBD","osm"
"53","COLD","Shirley's Coffee Shop","restaurant","","","","Med","Chain","High","TBD","osm"
"53","COLD","Shell Barrigada","fuel","","","","Med","Chain","High","TBD","osm"
"53","COLD","Shirley's Coffee Shop Harmon","restaurant","","","","Med","Chain","High","TBD","osm"
"53","COLD","KFC Mangilao","fast food","","","","Med","Chain","High","TBD","osm"
"53","COLD","KFC","fast food","","","","Med","Chain","High","TBD","osm"
"53","COLD","Shirleys Cafe","cafe","","","","Med","Chain","High","TBD","osm"
"53","COLD","NAPA Auto Parts","car parts","","","","Med","Chain","High","TBD","osm"
"53","COLD","Taco Bell","fast food","","","","Med","Chain","High","TBD","osm"
"53","COLD","Leo Palace Golf Course","golf course","","","","High","Chain","Med","TBD","osm"
"53","COLD","Payless","supermarket","","","","High","Chain","Med","TBD","osm"
"50","COLD","Dusit Gourmet","cafe","Tumon","","https://www.dusit.com/dusitthani-guamresort/dining/","Med","Owner","Med","TBD","Yelp (yelp.com)+osm"
"50","COLD","RedDirt Tattoo","tattoo shop","Tamuning","","","Med","Owner","Med","TBD","Yelp (yelp.com)"
"50","COLD","Lots of Art","tattoo shop","Tamuning","","","Med","Owner","Med","TBD","Yelp (yelp.com)"
"50","COLD","Mega Vision El Drako Tattoo","tattoo shop","Tamuning","","","Med","Owner","Med","TBD","Yelp (yelp.com)"
"50","COLD","Four Horsemen","tattoo shop","Tamuning","","","Med","Owner","Med","TBD","Yelp (yelp.com)"
"50","COLD","Happy Pooch Groom and Board","pet groomer","Tamuning","","","Med","Owner","Med","TBD","Yelp (yelp.com)"
"50","COLD","Guam Bakery","bakery","Dededo","","","Med","Owner","Med","TBD","Yelp (yelp.com)"
"50","COLD","Blessed Bakery","bakery","Dededo","","","Med","Owner","Med","TBD","Yelp (yelp.com)"
"50","COLD","Regal Guam Megaplex","movie theater","Tamuning","","","Med","Owner","Med","TBD","Attempted primary source yellowpages.com (state GU) — BLOCKED (HTTP 403). Similar national yellow-pages also blocked (superpages.com, manta.com, chamberofcommerce.com, dexknows.com, cybo.com, hotfrog.com, yalwa.com, tuugo.us, 2findlocal.com, yellowpagecity.com) or empty for GU (elocal.com, americantowns.com). Only readable national yellow-pages was opendi.us (yellowpages-bb.opendi.us) Guam directory, which is a sparse stub: only 3 populated village pages (Tamuning, Dededo, Hagatna) showing ~2 businesses each. Records below are the real, verified listings extracted from opendi.us — not padded."
"50","COLD","Awesome Enterprise dba T&W Home Improvement","home improvement","Tamuning","","","Med","Owner","Med","TBD","Guam Chamber of Commerce member directory (business.guamchamber.com.gu/directory), alphabetical member listings A-W"
"50","COLD","Department of Public Health and Social Services","government","Mangilao","","https://dphss.guam.gov/","High","Gov","Med","TBD","osm"
"50","COLD","Y-Sengsong On The Run","fuel","","","","Med","Owner","Med","TBD","osm"
"50","COLD","Fatima-Dededo","fuel","","","","Med","Owner","Med","TBD","osm"
"50","COLD","Guam Bakery","bakery","","","","Med","Owner","Med","TBD","osm"
"50","COLD","Guam Home Center","hardware","","","","Med","Owner","Med","TBD","osm"
"50","COLD","Guam Megaplex Cinemas","cinema","","","","Med","Owner","Med","TBD","osm"
"50","COLD","Union 76","fuel","","","","Med","Owner","Med","TBD","osm"
"50","COLD","Micronesia Mall Stadium Theaters","cinema","","","","Med","Owner","Med","TBD","osm"
"50","COLD","Upper Tumon","fuel","","","","Med","Owner","Med","TBD","osm"
"50","COLD","76","fuel","","","","Med","Owner","Med","TBD","osm"
"50","COLD","Sand Castle","theatre","","","","Med","Owner","Med","TBD","osm"
"50","COLD","Sling Shot","attraction","","","","Med","Owner","Med","TBD","osm"
"50","COLD","FedEx Office","copyshop","","","","Med","Owner","Med","TBD","osm"
"50","COLD","Chamorro Village Farmers Market","department store","","","","Med","Owner","Med","TBD","osm"
"50","COLD","Ypao Gardens Condominium","guest house","","","","Med","Owner","Med","TBD","osm"
"50","COLD","Denny's","restaurant","Dededo","","https://dennysofguam.com/","Med","Owner","Med","TBD","osm"
"50","COLD","Nippon Rent-A-Car","car rental","","","","Med","Owner","Med","TBD","osm"
"50","COLD","Atkins Kroll Toyota/Lexus","car","","","","Med","Owner","Med","TBD","osm"
"50","COLD","Atkins Kroll GM","car","","","","Med","Owner","Med","TBD","osm"
"50","COLD","Triple J Used Cars","car","","","","Med","Owner","Med","TBD","osm"
"50","COLD","Triple J Motors Ford/Mazda","car","","","","Med","Owner","Med","TBD","osm"
"50","COLD","Avis","car rental","","","","Med","Owner","Med","TBD","osm"
"50","COLD","Nissan Motors Corporation In Guam","car","","","","Med","Owner","Med","TBD","osm"
"50","COLD","Levi's","clothes","","","","Med","Owner","Med","TBD","osm"
"50","COLD","Tumi","bag","","","","Med","Owner","Med","TBD","osm"
"50","COLD","GODIVA","confectionery","","","","Med","Owner","Med","TBD","osm"
"50","COLD","Nike","clothes","","","","Med","Owner","Med","TBD","osm"
"50","COLD","メイシーズ","clothes","","","","Med","Owner","Med","TBD","osm"
"50","COLD","Levie's","clothes","","","","Med","Owner","Med","TBD","osm"
"50","COLD","Quiksilver","clothes","","","","Med","Owner","Med","TBD","osm"
"50","COLD","DoCoMo Pacific","mobile phone","","","","Med","Owner","Med","TBD","osm"
"50","COLD","Best Seller","books","","","","Med","Owner","Med","TBD","osm"
"50","COLD","KD Toys","toys","","","","Med","Owner","Med","TBD","osm"
"50","COLD","Heaven Music","music","","","","Med","Owner","Med","TBD","osm"
"50","COLD","USA GUN CLUB","attraction","","","","Med","Owner","Med","TBD","osm"
"50","COLD","Burberry","clothes","","","","Med","Owner","Med","TBD","osm"
"50","COLD","Rolex","watches","","","","Med","Owner","Med","TBD","osm"
"50","COLD","Folli Follie","clothes","","","","Med","Owner","Med","TBD","osm"
"50","COLD","Tumon Sands Plaza","department store","","","","Med","Owner","Med","TBD","osm"
"50","COLD","TUDOR","watches","","","","Med","Owner","Med","TBD","osm"
"50","COLD","Denny's","restaurant","Tamuning","","https://dennysofguam.com/","Med","Owner","Med","TBD","osm"
"50","COLD","GSA ServMart","government","","","","Med","Owner","Med","TBD","osm"
"50","COLD","Andy's","car rental","","","","Med","Owner","Med","TBD","osm"
"50","COLD","HSC-25","government","","","","Med","Owner","Med","TBD","osm"
"50","COLD","NEX Furniture Store","furniture","","","","Med","Owner","Med","TBD","osm"
"50","COLD","T Galleria By DFS, Guam","department store","","","","Med","Owner","Med","TBD","osm"
"50","COLD","Godiva Chocolatier","chocolate","","","","Med","Owner","Med","TBD","osm"
"50","COLD","Tommy Hilfiger","clothes","","","","Med","Owner","Med","TBD","osm"
"50","COLD","Fort Santa Agueda","attraction","","","","Med","Owner","Med","TBD","osm"
"50","COLD","American Chocolate Factory","confectionery","","","","Med","Owner","Med","TBD","osm"
"50","COLD","Frost Bite(Malo Enterprise)","car rental","","","","Med","Owner","Med","TBD","osm"
"50","COLD","Dededo Mall","department store","","","","Med","Owner","Med","TBD","osm"
"50","COLD","Famous Footwear","shoes","","","","Med","Owner","Med","TBD","osm"
"50","COLD","Chatime","cafe","","","https://www.ichatime.com/","Med","Owner","Med","TBD","osm"
"50","COLD","Mighty Purple Cafe","cafe","","","https://www.mightypurplecafe.com/","Med","Owner","Med","TBD","osm"
"50","COLD","Purebred BJJ Guam","fitness centre","","","https://purebredbjjguam.com/","Med","Owner","Med","TBD","osm"
"50","COLD","Home Acupuncture","alternative","","","","Med","Owner","Med","TBD","osm"
"50","COLD","GTA","mobile phone","","","","Med","Owner","Med","TBD","osm"
"50","COLD","East West Rental","car rental","","","","Med","Owner","Med","TBD","osm"
"50","COLD","Frost Bite Guam","cafe","","","https://frostbite-gu.com/","Med","Owner","Med","TBD","osm"
"50","COLD","Fuji Ichiban Ramen","restaurant","","","https://fujiichiban.jp/","Med","Owner","Med","TBD","osm"
"50","COLD","Gucci","clothes","","","","Med","Owner","Med","TBD","osm"
"50","COLD","Honolulu Cafe","cafe","","","https://www.honolulucoffee.com/","Med","Owner","Med","TBD","osm"
"50","COLD","Balenciaga","clothes","","","","Med","Owner","Med","TBD","osm"
"50","COLD","Globe","nightclub","","","","Med","Owner","Med","TBD","osm"
"50","COLD","Coach","bag","","","","Med","Owner","Med","TBD","osm"
"50","COLD","Polo Ralph Lauren","clothes","","","","Med","Owner","Med","TBD","osm"
"50","COLD","The Kracked Egg","restaurant","","","http://thekrackedegg.com","Med","Owner","Med","TBD","osm"
"50","COLD","Marc By Marc Jacobs","clothes","","","","Med","Owner","Med","TBD","osm"
"50","COLD","Celine","clothes","","","","Med","Owner","Med","TBD","osm"
"50","COLD","Chloé","clothes","","","","Med","Owner","Med","TBD","osm"
"50","COLD","Louis Vuitton","clothes","","","","Med","Owner","Med","TBD","osm"
"50","COLD","Triple J Motors KIA","car","","","","Med","Owner","Med","TBD","osm"
"50","COLD","Dorians Island","attraction","","","","Med","Owner","Med","TBD","osm"
"50","COLD","Freedom Latte Stone","attraction","","","","Med","Owner","Med","TBD","osm"
"50","COLD","Marks Hardware","hardware","","","","Med","Owner","Med","TBD","osm"
"50","COLD","Pago bay lookout","attraction","","","","Med","Owner","Med","TBD","osm"
"50","COLD","Sella bay look out and trail head","attraction","","","","Med","Owner","Med","TBD","osm"
"50","COLD","Mihyes Island","attraction","","","","Med","Owner","Med","TBD","osm"
"50","COLD","General McArthur Bust","attraction","","","","Med","Owner","Med","TBD","osm"
"50","COLD","Latte stones","attraction","","","","Med","Owner","Med","TBD","osm"
"50","COLD","Cave","attraction","","","","Med","Owner","Med","TBD","osm"
"50","COLD","Japanese gun","attraction","","","","Med","Owner","Med","TBD","osm"
"50","COLD","Guam Visitor centre","attraction","","","","Med","Owner","Med","TBD","osm"
"50","COLD","Fort Santo angel","attraction","","","","Med","Owner","Med","TBD","osm"
"50","COLD","Latte Loop Trail","attraction","","","","Med","Owner","Med","TBD","osm"
"50","COLD","Talofofo bay lookout","attraction","","","","Med","Owner","Med","TBD","osm"
"50","COLD","Chamorro Cultural village","attraction","","","","Med","Owner","Med","TBD","osm"
"50","COLD","Baptist Church ruins","attraction","","","","Med","Owner","Med","TBD","osm"
"50","COLD","Bear rock view point","attraction","","","","Med","Owner","Med","TBD","osm"
"50","COLD","Vietnam memorial and lookout","attraction","","","","Med","Owner","Med","TBD","osm"
"50","COLD","Ace car rental & Rentacar","car rental","","","","Med","Owner","Med","TBD","osm"
"50","COLD","Bear rock","attraction","","","","Med","Owner","Med","TBD","osm"
"50","COLD","Main Street Delicatessen & Bakery","bakery","","","","Med","Owner","Med","TBD","osm"
"50","COLD","Merizo Lagoon Front House Boat B&B/ Guam House Boat","guest house","Merizo","","","Med","Owner","Med","TBD","osm"
"50","COLD","McDonnell Douglas F-4 Phantom II","attraction","","","","Med","Owner","Med","TBD","osm"
"50","COLD","Commissary","greengrocer","","","","Med","Owner","Med","TBD","osm"
"50","COLD","Amot Taotao Tano","herbalist","","","","Med","Owner","Med","TBD","osm"
"50","COLD","AAFES Shopette","variety store","","","","Med","Owner","Med","TBD","osm"
"50","COLD","Yokoi Cave","attraction","","","","Med","Owner","Med","TBD","osm"
"50","COLD","Talofofo Falls","attraction","","","","Med","Owner","Med","TBD","osm"
"50","COLD","Tickets","ticket","","","","Med","Owner","Med","TBD","osm"
"50","COLD","World War II Bunker Ruin","attraction","","","","Med","Owner","Med","TBD","osm"
"50","COLD","Sigua Falls","attraction","","","","Med","Owner","Med","TBD","osm"
"50","COLD","ﾏｲｸﾛﾈｼｱﾓｰﾙ","attraction","","","","Med","Owner","Med","TBD","osm"
"50","COLD","Guam Premier Outlets","attraction","","","","Med","Owner","Med","TBD","osm"
"50","COLD","Jimmy Dee’s Beach Bar","bar","","","http://www.facebook.com/jimmydeesbeachbar/","Med","Owner","Med","TBD","osm"
"50","COLD","Tagada Park","attraction","","","","Med","Owner","Med","TBD","osm"
"50","COLD","Gadao’s Cave","attraction","","","","Med","Owner","Med","TBD","osm"
"50","COLD","Gef Pa’go Cultural Village","attraction","","","","Med","Owner","Med","TBD","osm"
"50","COLD","Shark’s Cove Beach","attraction","","","","Med","Owner","Med","TBD","osm"
"50","COLD","Boat launch to Cocos Island","attraction","","","","Med","Owner","Med","TBD","osm"
"50","COLD","Ocean View Daily Rental Villa","guest house","Merizo","","","Med","Owner","Med","TBD","osm"
"50","COLD","Ocean View","guest house","Merizo","","","Med","Owner","Med","TBD","osm"
"50","COLD","Pooch Parlor","pet","","","","Med","Owner","Med","TBD","osm"
"50","COLD","BreadBox","bakery","","","","Med","Owner","Med","TBD","osm"
"50","COLD","671 Laundry","laundry","","","","Med","Owner","Med","TBD","osm"
"50","COLD","San Vitores Garden Condominium","apartment","","","","Med","Owner","Med","TBD","osm"
"50","COLD","Pacific Gardens","apartment","","","","Med","Owner","Med","TBD","osm"
"50","COLD","Hoku Villa Apartment","apartment","","","","Med","Owner","Med","TBD","osm"
"50","COLD","Trends by Guam","clothes","","","","Med","Owner","Med","TBD","osm"
"50","COLD","Honey House 2","variety store","","","","Med","Owner","Med","TBD","osm"
"50","COLD","H&R Block","tax advisor","","","","Med","Owner","Med","TBD","osm"
"50","COLD","Advanced Chiropractic","alternative","","","","Med","Owner","Med","TBD","osm"
"50","COLD","Ague Cove","attraction","","","","Med","Owner","Med","TBD","osm"
"50","COLD","NEX Customer Pick Up","department store","Santa Rita","","","Med","Owner","Med","TBD","osm"
"50","COLD","Safety Inspection","car parts","","","","Med","Owner","Med","TBD","osm"
"50","COLD","Blow Hole","attraction","","","","Med","Owner","Med","TBD","osm"
"50","COLD","Shop 4 Less","variety store","","","","Med","Owner","Med","TBD","osm"
"50","COLD","Bonita Baby","boutique","","","","Med","Owner","Med","TBD","osm"
"50","COLD","My Secret Garden","florist","","","","Med","Owner","Med","TBD","osm"
"50","COLD","Asia Pacifica","accountant","","","","Med","Owner","Med","TBD","osm"
"50","COLD","Fetch","pet","","","","Med","Owner","Med","TBD","osm"
"50","COLD","Premiere apartments","apartment","","","","Med","Owner","Med","TBD","osm"
"50","COLD","Lobby Lounge","bar","Tumon","","https://www.dusit.com/dusitthani-guamresort/dining/","Med","Owner","Med","TBD","osm"
"50","COLD","Hornet Sports","sports","","","","Med","Owner","Med","TBD","osm"
"50","COLD","Villa Rosario Condo","apartment","","","","Med","Owner","Med","TBD","osm"
"50","COLD","NASA Guam MSFN Station (Decommisioned)","government","","","","Med","Owner","Med","TBD","osm"
"50","COLD","Guam Quality Water","water","","","","Med","Owner","Med","TBD","osm"
"50","COLD","BikeFix *GUAM*","bicycle","Tamuning","","","Med","Owner","Med","TBD","osm"
"50","COLD","Duenas Chamacho and Associates","company","","","","Med","Owner","Med","TBD","osm"
"50","COLD","Guam International Country Club","golf course","","","https://www.giccguam.com/","High","Owner","Low","TBD","osm"
"50","COLD","Dededo Flea Market","outdoor","Dededo","","","Med","Owner","Med","TBD","osm"
"50","COLD","Micronesia Mall","mall","Dededo","","","Med","Owner","Med","TBD","osm"
"50","COLD","Dededo Skate Park","sports centre","","","","Med","Owner","Med","TBD","osm"
"50","COLD","Naval Base Theater","cinema","","","","Med","Owner","Med","TBD","osm"
"50","COLD","Navy Exchange","department store","","","","Med","Owner","Med","TBD","osm"
"50","COLD","NEX Home Store","department store","","","","Med","Owner","Med","TBD","osm"
"50","COLD","MDA (Piti Shop)","scuba diving","","","","Med","Owner","Med","TBD","osm"
"50","COLD","Guam Behavioral Health and Wellness Center","hospital","Tamuning","","https://gbhwc.guam.gov/","High","Owner","Low","TBD","osm"
"50","COLD","Trades Academy","educational institution","","","","Med","Owner","Med","TBD","osm"
"50","COLD","JK Tiles","tiles","","","","Med","Owner","Med","TBD","osm"
"50","COLD","Umatac Bridge","attraction","","","","Med","Owner","Med","TBD","osm"
"50","COLD","Sumay Cove Marina","yes","","","https://nbg.militarymwrguam.com/programs/3dae82f5-73c2-4efb-9845-552d71ea5ef9","High","Owner","Low","TBD","osm"
"50","COLD","Furniture Kathy Style","furniture","","","","Med","Owner","Med","TBD","osm"
"50","COLD","Adelup Governor's Office","government","","","","Med","Owner","Med","TBD","osm"
"50","COLD","LP Gas","gas","","","","Med","Owner","Med","TBD","osm"
"50","COLD","Young Pagat Market","marketplace","","","","Med","Owner","Med","TBD","osm"
"50","COLD","Kimi Market 2","marketplace","","","","Med","Owner","Med","TBD","osm"
"50","COLD","Base Exchange","department store","","","","Med","Owner","Med","TBD","osm"
"50","COLD","Taleyfac Spanish Bridge","attraction","","","https://guampreservationtrust.org/talaifak-bridge/","Med","Owner","Med","TBD","osm"
"50","COLD","NEX Mini Mart","fuel","","","","Med","Owner","Med","TBD","osm"
"50","COLD","Administration","government","","","","Med","Owner","Med","TBD","osm"
"50","COLD","Load Center 1","yes","","","","Med","Owner","Med","TBD","osm"
"50","COLD","Load Center 3","yes","","","","Med","Owner","Med","TBD","osm"
"50","COLD","Guam Seawalker Tours","attraction","","","https://www.visitguam.com/listing/guam-seawalker-tours/118/","Med","Owner","Med","TBD","osm"
"50","COLD","Agat Small Boat Harbor","marina","","","https://www.portofguam.com/about-us/maritime-operation/facilities-and-services/marinas","High","Owner","Low","TBD","osm"
"50","COLD","Gregorio D. Perez Marina","marina","","","https://www.portofguam.com/about-us/maritime-operation/facilities-and-services/marinas","High","Owner","Low","TBD","osm"
"50","COLD","Aqua World Marina","marina","","","https://www.portofguam.com/about-us/maritime-operation/facilities-and-services/marinas","High","Owner","Low","TBD","osm"
"50","COLD","Harbor of Refuge","marina","","","https://www.portofguam.com/about-us/maritime-operation/facilities-and-services/marinas","High","Owner","Low","TBD","osm"
"50","COLD","Marianas Yacht Club","marina","","","https://www.marianasyachtclub.org/content.aspx?page_id=0&club_id=331521","High","Owner","Low","TBD","osm"
"50","COLD","Macy's","department store","","","","Med","Owner","Med","TBD","osm"
"50","COLD","Joann's Bakery","bakery","","","","Med","Owner","Med","TBD","osm"
"50","COLD","Movie Zone","video","","","","Med","Owner","Med","TBD","osm"
"50","COLD","Quality Tire Services","tyres","","","","Med","Owner","Med","TBD","osm"
"50","COLD","MCC Overseas Guam LTD","company","","","","Med","Owner","Med","TBD","osm"
"50","COLD","American Tanker","attraction","","","","Med","Owner","Med","TBD","osm"
"43","COLD","Mobil Tamuning","fuel","","","","Med","Chain","Med","TBD","osm"
"43","COLD","Mobil Upper Tumon","fuel","","","","Med","Chain","Med","TBD","osm"
"43","COLD","76 Circle K Tamuning","fuel","","","","Med","Chain","Med","TBD","osm"
"43","COLD","76 Circle K Ypao Road","fuel","","","","Med","Chain","Med","TBD","osm"
"43","COLD","76 Circle K Route 10A","fuel","","","","Med","Chain","Med","TBD","osm"
"43","COLD","Mobil Ipan","fuel","","","","Med","Chain","Med","TBD","osm"
"43","COLD","Mobil Mangilao","fuel","","","","Med","Chain","Med","TBD","osm"
"43","COLD","Shell Mangilao","fuel","","","","Med","Chain","Med","TBD","osm"
"43","COLD","Shell Tamuning","fuel","","","","Med","Chain","Med","TBD","osm"
"43","COLD","Shell Hagatna","fuel","","","","Med","Chain","Med","TBD","osm"
"43","COLD","Mobil Yona","fuel","","","","Med","Chain","Med","TBD","osm"
"43","COLD","Mobil","fuel","","","","Med","Chain","Med","TBD","osm"
"43","COLD","Shell","fuel","Merizo","","","Med","Chain","Med","TBD","osm"
"43","COLD","Kmart","department store","","","","Med","Chain","Med","TBD","osm"
"43","COLD","Shell","fuel","","","","Med","Chain","Med","TBD","osm"
"43","COLD","Circle K Barrigada","convenience","","","","Low","Chain","High","TBD","osm"
"43","COLD","Wendy's","fast food","Tamuning","","https://wendysguam.com/locations/","Med","Chain","Med","TBD","osm"
"40","COLD","The Bead Hive Guam","jewelry / crafts","Tamuning","","","Low","Owner","Med","TBD","Yelp (yelp.com)"
"40","COLD","ABC Store","convenience","","","","Low","Owner","Med","TBD","osm"
"40","COLD","Palm Mart","convenience","","","","Low","Owner","Med","TBD","osm"
"40","COLD","Prime Mart","convenience","","","","Low","Owner","Med","TBD","osm"
"40","COLD","Wustig Market","convenience","","","","Low","Owner","Med","TBD","osm"
"40","COLD","ABCStore","convenience","","","","Low","Owner","Med","TBD","osm"
"40","COLD","Osaka","convenience","","","","Low","Owner","Med","TBD","osm"
"40","COLD","サークルK","convenience","","","","Low","Owner","Med","TBD","osm"
"40","COLD","Happy Mart","convenience","","","","Low","Owner","Med","TBD","osm"
"40","COLD","Mae's Retail","convenience","","","","Low","Owner","Med","TBD","osm"
"40","COLD","Loco Mart","convenience","","","","Low","Owner","Med","TBD","osm"
"40","COLD","New Home Plus Mart","convenience","","","","Low","Owner","Med","TBD","osm"
"40","COLD","Tumon 7 Mart","convenience","","","","Low","Owner","Med","TBD","osm"
"40","COLD","New Macheche Market","convenience","","","","Low","Owner","Med","TBD","osm"
"40","COLD","Fine Store","convenience","Dededo","","","Low","Owner","Med","TBD","osm"
"40","COLD","Grand Market","convenience","","","","Low","Owner","Med","TBD","osm"
"40","COLD","Dolce Gelato","ice cream","","","","Low","Owner","Med","TBD","osm"
"40","COLD","Leo Mart","convenience","","","","Low","Owner","Med","TBD","osm"
"40","COLD","Regal Guam Megaplex 14","cinema","","","https://www.regmovies.com/theatres/regal-guam-megaplex/1645","Med","Owner","Low","TBD","osm"
"40","COLD","Ipan Village Mart","convenience","","","","Low","Owner","Med","TBD","osm"
"40","COLD","Southern Mountain Gear","sports","","","https://www.southernmountaingear.com/","Med","Owner","Low","TBD","osm"
"40","COLD","Marble Slab Creamery","ice cream","","","","Low","Owner","Med","TBD","osm"
"40","COLD","ABC Stores","convenience","","","","Low","Owner","Med","TBD","osm"
"40","COLD","Navy Exchange Mini Mart / Package Store","convenience","","","","Low","Owner","Med","TBD","osm"
"40","COLD","National Weather Service - Tiyan, Guam","government","Barrigada","","https://www.weather.gov/gum/","Med","Owner","Low","TBD","osm"
"40","COLD","Fish Eye Marine Park","attraction","","","https://fisheyeguamtours.com/","Med","Owner","Low","TBD","osm"
"40","COLD","Fish Eye","attraction","","","https://fisheyeguamtours.com/","Med","Owner","Low","TBD","osm"
"40","COLD","NCS Mart","convenience","","","","Low","Owner","Med","TBD","osm"
"40","COLD","Mini Mart","convenience","","","","Low","Owner","Med","TBD","osm"
"40","COLD","Atlantis Submarine","attraction","","","https://www.visitguam.com/listing/atlantis-guam-inc/108/","Med","Owner","Low","TBD","osm"
"40","COLD","Hello Mart","convenience","","","","Low","Owner","Med","TBD","osm"
"40","COLD","Ones Retail Store","convenience","","","","Low","Owner","Med","TBD","osm"
"33","COLD","Circle K","convenience","","","","Low","Chain","Med","TBD","osm"
"30","COLD","Guam Waterworks Authority","water utility","","","http://www.facebook.com/guamwaterworksauthority","Med","Gov","Low","TBD","osm"